scenario,source_id,source_name,timestamp,access_radius_m,candidate_id,candidate_name,candidate_category,experience_type,indoor_outdoor,distance_m,walk_min,cand_thermal_state,cand_decision_state,cand_decision_confidence,cand_utci,source_utci,cand_evidence_confidence,status,exclusion_reason,improvement_note
S1,A16,Fuente de Neptuno,15:00,800,A01,Museo del Prado,museum_indoor,indoor_cultural,indoor,267.0,3.3,INDOOR_NOT_MODELLED,INDOOR_REFUGE,INDOOR_BYPASS,,45.0,MODERATE,CANDIDATE_ALTERNATIVE,,indoor refuge vs outdoor source (categorical)
S1,A16,Fuente de Neptuno,15:00,800,A02,Museo Nacional Centro de Arte Reina Sofía,museum_indoor,indoor_cultural,indoor,803.0,10.0,INDOOR_NOT_MODELLED,INDOOR_REFUGE,INDOOR_BYPASS,,45.0,MODERATE,EXCLUDED,ACCESSIBILITY_CONSTRAINT,
S1,A16,Fuente de Neptuno,15:00,800,A03,Museo Thyssen-Bornemisza,museum_indoor,indoor_cultural,indoor,134.0,1.7,INDOOR_NOT_MODELLED,INDOOR_REFUGE,INDOOR_BYPASS,,45.0,MODERATE,CANDIDATE_ALTERNATIVE,,indoor refuge vs outdoor source (categorical)
S1,A16,Fuente de Neptuno,15:00,800,A04,CaixaForum Madrid,museum_indoor,indoor_cultural,indoor,464.0,5.8,INDOOR_NOT_MODELLED,INDOOR_REFUGE,INDOOR_BYPASS,,45.0,MODERATE,CANDIDATE_ALTERNATIVE,,indoor refuge vs outdoor source (categorical)
S1,A16,Fuente de Neptuno,15:00,800,A05,Museo Naval de Madrid,museum_indoor,indoor_cultural,indoor,293.0,3.7,INDOOR_NOT_MODELLED,INDOOR_REFUGE,INDOOR_BYPASS,,45.0,MODERATE,EXCLUDED,CLOSED_AT_TIMESTAMP,
S1,A16,Fuente de Neptuno,15:00,800,A06,Museo Nacional de Antropología,museum_indoor,indoor_cultural,indoor,936.0,11.7,INDOOR_NOT_MODELLED,INDOOR_REFUGE,INDOOR_BYPASS,,45.0,MODERATE,EXCLUDED,CLOSED_AT_TIMESTAMP,
S1,A16,Fuente de Neptuno,15:00,800,A07,Museo Nacional de Artes Decorativas,museum_indoor,indoor_cultural,indoor,468.0,5.9,INDOOR_NOT_MODELLED,INDOOR_REFUGE,INDOOR_BYPASS,,45.0,MODERATE,EXCLUDED,CLOSED_AT_TIMESTAMP,
S1,A16,Fuente de Neptuno,15:00,800,A08,Real Fábrica de Tapices,museum_indoor,indoor_cultural,indoor,1447.0,18.1,INDOOR_NOT_MODELLED,INDOOR_REFUGE,INDOOR_BYPASS,,45.0,MODERATE,EXCLUDED,CLOSED_AT_TIMESTAMP,
S1,A16,Fuente de Neptuno,15:00,800,A09,Madrid-Puerta de Atocha-Almudena Grandes,transit_hub,transit_refuge,indoor,1276.0,16.0,INDOOR_NOT_MODELLED,INDOOR_REFUGE,INDOOR_BYPASS,,45.0,MODERATE,EXCLUDED,ACCESSIBILITY_CONSTRAINT,
S1,A16,Fuente de Neptuno,15:00,800,A10,Estación del Arte,transit_hub,transit_refuge,indoor,749.0,9.4,INDOOR_NOT_MODELLED,INDOOR_REFUGE,INDOOR_BYPASS,,45.0,MODERATE,CANDIDATE_ALTERNATIVE,,indoor refuge vs outdoor source (categorical)
S1,A16,Fuente de Neptuno,15:00,800,A11,Retiro,transit_hub,transit_refuge,indoor,875.0,10.9,INDOOR_NOT_MODELLED,INDOOR_REFUGE,INDOOR_BYPASS,,45.0,MODERATE,EXCLUDED,ACCESSIBILITY_CONSTRAINT,
S1,A16,Fuente de Neptuno,15:00,800,A12,Banco de España,transit_hub,transit_refuge,indoor,428.0,5.3,INDOOR_NOT_MODELLED,INDOOR_REFUGE,INDOOR_BYPASS,,45.0,MODERATE,CANDIDATE_ALTERNATIVE,,indoor refuge vs outdoor source (categorical)
S1,A16,Fuente de Neptuno,15:00,800,A13,Jardín Tropical,transit_hub_green,indoor_green_refuge,indoor,946.0,11.8,INDOOR_NOT_MODELLED,INDOOR_REFUGE,INDOOR_BYPASS,,45.0,MODERATE,EXCLUDED,ACCESSIBILITY_CONSTRAINT,
S1,A16,Fuente de Neptuno,15:00,800,A14,Puerta de Alcalá,monument_outdoor,outdoor_monument,outdoor,699.0,8.7,VERY_STRONG_HEAT_STRESS,AVOID_PROLONGED_OUTDOOR_EXPOSURE,ROBUST,40.5,45.0,HIGH,CANDIDATE_ALTERNATIVE,,UTCI 40.5 <= source 45.0 - 0.8
S1,A16,Fuente de Neptuno,15:00,800,A15,Fuente de Cibeles,monument_outdoor,outdoor_monument,outdoor,462.0,5.8,VERY_STRONG_HEAT_STRESS,AVOID_PROLONGED_OUTDOOR_EXPOSURE,BOUNDARY,44.4,45.0,MODERATE,EXCLUDED,NO_MEANINGFUL_THERMAL_IMPROVEMENT,"UTCI 44.4 vs 45.0, < 0.8 improvement"
S1,A16,Fuente de Neptuno,15:00,800,A17,Estatua de Goya,monument_outdoor,outdoor_monument,outdoor,140.0,1.7,VERY_STRONG_HEAT_STRESS,AVOID_PROLONGED_OUTDOOR_EXPOSURE,ROBUST,42.6,45.0,HIGH,CANDIDATE_ALTERNATIVE,,UTCI 42.6 <= source 45.0 - 0.8
S1,A16,Fuente de Neptuno,15:00,800,A18,Palacio de Cibeles - Ayuntamiento de Madrid,monument_outdoor,outdoor_monument,outdoor,443.0,5.5,VERY_STRONG_HEAT_STRESS,AVOID_PROLONGED_OUTDOOR_EXPOSURE,ROBUST,44.5,45.0,MODERATE,CANDIDATE_ALTERNATIVE,,"confidence gain (ROBUST vs boundary/unstable source), not hotter"
S1,A16,Fuente de Neptuno,15:00,800,A19,Real Observatorio de Madrid,monument_outdoor,outdoor_monument,outdoor,956.0,12.0,VERY_STRONG_HEAT_STRESS,AVOID_PROLONGED_OUTDOOR_EXPOSURE,ROBUST,41.4,45.0,MODERATE,EXCLUDED,CLOSED_AT_TIMESTAMP,
S1,A16,Fuente de Neptuno,15:00,800,A20,Parque del Retiro,park_general,green_outdoor,outdoor,969.0,12.1,VERY_STRONG_HEAT_STRESS,AVOID_PROLONGED_OUTDOOR_EXPOSURE,ROBUST,38.6,45.0,HIGH,EXCLUDED,ACCESSIBILITY_CONSTRAINT,
S1,A16,Fuente de Neptuno,15:00,800,A21,Real Jardín Botánico de Madrid,garden_outdoor,green_outdoor,outdoor,538.0,6.7,VERY_STRONG_HEAT_STRESS,AVOID_PROLONGED_OUTDOOR_EXPOSURE,ROBUST,38.4,45.0,HIGH,CANDIDATE_ALTERNATIVE,,UTCI 38.4 <= source 45.0 - 0.8
S1,A16,Fuente de Neptuno,15:00,800,A22,Palacio de Cristal,outdoor_pavilion_shaded,shaded_outdoor,outdoor,1040.0,13.0,VERY_STRONG_HEAT_STRESS,AVOID_PROLONGED_OUTDOOR_EXPOSURE,ROBUST,43.9,45.0,MODERATE,EXCLUDED,ACCESSIBILITY_CONSTRAINT,
S1,A16,Fuente de Neptuno,15:00,800,A23,Jardines de Cecilio Rodríguez,garden_outdoor,green_outdoor,outdoor,1386.0,17.3,VERY_STRONG_HEAT_STRESS,AVOID_PROLONGED_OUTDOOR_EXPOSURE,ROBUST,44.4,45.0,MODERATE,EXCLUDED,ACCESSIBILITY_CONSTRAINT,
S1,A16,Fuente de Neptuno,15:00,800,A24,La Rosaleda,garden_outdoor,green_outdoor,outdoor,1272.0,15.9,VERY_STRONG_HEAT_STRESS,AVOID_PROLONGED_OUTDOOR_EXPOSURE,BOUNDARY,45.0,45.0,MODERATE,EXCLUDED,ACCESSIBILITY_CONSTRAINT,
S1,A16,Fuente de Neptuno,15:00,800,A25,Jardín del Parterre,garden_outdoor,green_outdoor,outdoor,571.0,7.1,VERY_STRONG_HEAT_STRESS,AVOID_PROLONGED_OUTDOOR_EXPOSURE,BOUNDARY,45.0,45.0,MODERATE,EXCLUDED,NO_MEANINGFUL_THERMAL_IMPROVEMENT,"UTCI 45.0 vs 45.0, < 0.8 improvement"
S1,A16,Fuente de Neptuno,15:00,800,A26,Monumento a Alfonso XII,outdoor_attraction_mixed_shade,shaded_outdoor,outdoor,966.0,12.1,VERY_STRONG_HEAT_STRESS,AVOID_PROLONGED_OUTDOOR_EXPOSURE,ROBUST,42.1,45.0,HIGH,EXCLUDED,ACCESSIBILITY_CONSTRAINT,
S1,A16,Fuente de Neptuno,15:00,800,A27,Jardines del Arquitecto Herrero Palacios,garden_outdoor,green_outdoor,outdoor,1314.0,16.4,VERY_STRONG_HEAT_STRESS,AVOID_PROLONGED_OUTDOOR_EXPOSURE,ROBUST,43.5,45.0,MODERATE,EXCLUDED,ACCESSIBILITY_CONSTRAINT,
S2,A15,Fuente de Cibeles,15:00,800,A01,Museo del Prado,museum_indoor,indoor_cultural,indoor,626.0,7.8,INDOOR_NOT_MODELLED,INDOOR_REFUGE,INDOOR_BYPASS,,44.4,MODERATE,CANDIDATE_ALTERNATIVE,,indoor refuge vs outdoor source (categorical)
S2,A15,Fuente de Cibeles,15:00,800,A02,Museo Nacional Centro de Arte Reina Sofía,museum_indoor,indoor_cultural,indoor,1262.0,15.8,INDOOR_NOT_MODELLED,INDOOR_REFUGE,INDOOR_BYPASS,,44.4,MODERATE,EXCLUDED,ACCESSIBILITY_CONSTRAINT,
S2,A15,Fuente de Cibeles,15:00,800,A03,Museo Thyssen-Bornemisza,museum_indoor,indoor_cultural,indoor,386.0,4.8,INDOOR_NOT_MODELLED,INDOOR_REFUGE,INDOOR_BYPASS,,44.4,MODERATE,CANDIDATE_ALTERNATIVE,,indoor refuge vs outdoor source (categorical)
S2,A15,Fuente de Cibeles,15:00,800,A04,CaixaForum Madrid,museum_indoor,indoor_cultural,indoor,916.0,11.4,INDOOR_NOT_MODELLED,INDOOR_REFUGE,INDOOR_BYPASS,,44.4,MODERATE,EXCLUDED,ACCESSIBILITY_CONSTRAINT,
S2,A15,Fuente de Cibeles,15:00,800,A05,Museo Naval de Madrid,museum_indoor,indoor_cultural,indoor,210.0,2.6,INDOOR_NOT_MODELLED,INDOOR_REFUGE,INDOOR_BYPASS,,44.4,MODERATE,EXCLUDED,CLOSED_AT_TIMESTAMP,
S2,A15,Fuente de Cibeles,15:00,800,A06,Museo Nacional de Antropología,museum_indoor,indoor_cultural,indoor,1330.0,16.6,INDOOR_NOT_MODELLED,INDOOR_REFUGE,INDOOR_BYPASS,,44.4,MODERATE,EXCLUDED,CLOSED_AT_TIMESTAMP,
S2,A15,Fuente de Cibeles,15:00,800,A07,Museo Nacional de Artes Decorativas,museum_indoor,indoor_cultural,indoor,333.0,4.2,INDOOR_NOT_MODELLED,INDOOR_REFUGE,INDOOR_BYPASS,,44.4,MODERATE,EXCLUDED,CLOSED_AT_TIMESTAMP,
S2,A15,Fuente de Cibeles,15:00,800,A08,Real Fábrica de Tapices,museum_indoor,indoor_cultural,indoor,1755.0,21.9,INDOOR_NOT_MODELLED,INDOOR_REFUGE,INDOOR_BYPASS,,44.4,MODERATE,EXCLUDED,CLOSED_AT_TIMESTAMP,
S2,A15,Fuente de Cibeles,15:00,800,A09,Madrid-Puerta de Atocha-Almudena Grandes,transit_hub,transit_refuge,indoor,1685.0,21.1,INDOOR_NOT_MODELLED,INDOOR_REFUGE,INDOOR_BYPASS,,44.4,MODERATE,EXCLUDED,ACCESSIBILITY_CONSTRAINT,
S2,A15,Fuente de Cibeles,15:00,800,A10,Estación del Arte,transit_hub,transit_refuge,indoor,1175.0,14.7,INDOOR_NOT_MODELLED,INDOOR_REFUGE,INDOOR_BYPASS,,44.4,MODERATE,EXCLUDED,ACCESSIBILITY_CONSTRAINT,
S2,A15,Fuente de Cibeles,15:00,800,A11,Retiro,transit_hub,transit_refuge,indoor,579.0,7.2,INDOOR_NOT_MODELLED,INDOOR_REFUGE,INDOOR_BYPASS,,44.4,MODERATE,CANDIDATE_ALTERNATIVE,,indoor refuge vs outdoor source (categorical)
S2,A15,Fuente de Cibeles,15:00,800,A12,Banco de España,transit_hub,transit_refuge,indoor,159.0,2.0,INDOOR_NOT_MODELLED,INDOOR_REFUGE,INDOOR_BYPASS,,44.4,MODERATE,CANDIDATE_ALTERNATIVE,,indoor refuge vs outdoor source (categorical)
S2,A15,Fuente de Cibeles,15:00,800,A13,Jardín Tropical,transit_hub_green,indoor_green_refuge,indoor,1378.0,17.2,INDOOR_NOT_MODELLED,INDOOR_REFUGE,INDOOR_BYPASS,,44.4,MODERATE,EXCLUDED,ACCESSIBILITY_CONSTRAINT,
S2,A15,Fuente de Cibeles,15:00,800,A14,Puerta de Alcalá,monument_outdoor,outdoor_monument,outdoor,377.0,4.7,VERY_STRONG_HEAT_STRESS,AVOID_PROLONGED_OUTDOOR_EXPOSURE,ROBUST,40.5,44.4,HIGH,CANDIDATE_ALTERNATIVE,,UTCI 40.5 <= source 44.4 - 0.8
S2,A15,Fuente de Cibeles,15:00,800,A16,Fuente de Neptuno,monument_outdoor,outdoor_monument,outdoor,462.0,5.8,VERY_STRONG_HEAT_STRESS,AVOID_PROLONGED_OUTDOOR_EXPOSURE,BOUNDARY,45.0,44.4,MODERATE,EXCLUDED,OUTDOOR_EXPOSURE_TOO_HIGH,outdoor and hotter (45.0 > 44.4)
S2,A15,Fuente de Cibeles,15:00,800,A17,Estatua de Goya,monument_outdoor,outdoor_monument,outdoor,486.0,6.1,VERY_STRONG_HEAT_STRESS,AVOID_PROLONGED_OUTDOOR_EXPOSURE,ROBUST,42.6,44.4,HIGH,CANDIDATE_ALTERNATIVE,,UTCI 42.6 <= source 44.4 - 0.8
S2,A15,Fuente de Cibeles,15:00,800,A18,Palacio de Cibeles - Ayuntamiento de Madrid,monument_outdoor,outdoor_monument,outdoor,114.0,1.4,VERY_STRONG_HEAT_STRESS,AVOID_PROLONGED_OUTDOOR_EXPOSURE,ROBUST,44.5,44.4,MODERATE,EXCLUDED,OUTDOOR_EXPOSURE_TOO_HIGH,outdoor and hotter (44.5 > 44.4)
S2,A15,Fuente de Cibeles,15:00,800,A19,Real Observatorio de Madrid,monument_outdoor,outdoor_monument,outdoor,1308.0,16.4,VERY_STRONG_HEAT_STRESS,AVOID_PROLONGED_OUTDOOR_EXPOSURE,ROBUST,41.4,44.4,MODERATE,EXCLUDED,CLOSED_AT_TIMESTAMP,
S2,A15,Fuente de Cibeles,15:00,800,A20,Parque del Retiro,park_general,green_outdoor,outdoor,1009.0,12.6,VERY_STRONG_HEAT_STRESS,AVOID_PROLONGED_OUTDOOR_EXPOSURE,ROBUST,38.6,44.4,HIGH,EXCLUDED,ACCESSIBILITY_CONSTRAINT,
S2,A15,Fuente de Cibeles,15:00,800,A21,Real Jardín Botánico de Madrid,garden_outdoor,green_outdoor,outdoor,929.0,11.6,VERY_STRONG_HEAT_STRESS,AVOID_PROLONGED_OUTDOOR_EXPOSURE,ROBUST,38.4,44.4,HIGH,EXCLUDED,ACCESSIBILITY_CONSTRAINT,
S2,A15,Fuente de Cibeles,15:00,800,A22,Palacio de Cristal,outdoor_pavilion_shaded,shaded_outdoor,outdoor,1131.0,14.1,VERY_STRONG_HEAT_STRESS,AVOID_PROLONGED_OUTDOOR_EXPOSURE,ROBUST,43.9,44.4,MODERATE,EXCLUDED,ACCESSIBILITY_CONSTRAINT,
S2,A15,Fuente de Cibeles,15:00,800,A23,Jardines de Cecilio Rodríguez,garden_outdoor,green_outdoor,outdoor,1442.0,18.0,VERY_STRONG_HEAT_STRESS,AVOID_PROLONGED_OUTDOOR_EXPOSURE,ROBUST,44.4,44.4,MODERATE,EXCLUDED,ACCESSIBILITY_CONSTRAINT,
S2,A15,Fuente de Cibeles,15:00,800,A24,La Rosaleda,garden_outdoor,green_outdoor,outdoor,1439.0,18.0,VERY_STRONG_HEAT_STRESS,AVOID_PROLONGED_OUTDOOR_EXPOSURE,BOUNDARY,45.0,44.4,MODERATE,EXCLUDED,ACCESSIBILITY_CONSTRAINT,
S2,A15,Fuente de Cibeles,15:00,800,A25,Jardín del Parterre,garden_outdoor,green_outdoor,outdoor,658.0,8.2,VERY_STRONG_HEAT_STRESS,AVOID_PROLONGED_OUTDOOR_EXPOSURE,BOUNDARY,45.0,44.4,MODERATE,EXCLUDED,OUTDOOR_EXPOSURE_TOO_HIGH,outdoor and hotter (45.0 > 44.4)
S2,A15,Fuente de Cibeles,15:00,800,A26,Monumento a Alfonso XII,outdoor_attraction_mixed_shade,shaded_outdoor,outdoor,878.0,11.0,VERY_STRONG_HEAT_STRESS,AVOID_PROLONGED_OUTDOOR_EXPOSURE,ROBUST,42.1,44.4,HIGH,EXCLUDED,ACCESSIBILITY_CONSTRAINT,
S2,A15,Fuente de Cibeles,15:00,800,A27,Jardines del Arquitecto Herrero Palacios,garden_outdoor,green_outdoor,outdoor,1292.0,16.1,VERY_STRONG_HEAT_STRESS,AVOID_PROLONGED_OUTDOOR_EXPOSURE,ROBUST,43.5,44.4,MODERATE,EXCLUDED,ACCESSIBILITY_CONSTRAINT,
S3,A14,Puerta de Alcalá,18:00,800,A01,Museo del Prado,museum_indoor,indoor_cultural,indoor,728.0,9.1,INDOOR_NOT_MODELLED,INDOOR_REFUGE,INDOOR_BYPASS,,42.7,MODERATE,CANDIDATE_ALTERNATIVE,,indoor refuge vs outdoor source (categorical)
S3,A14,Puerta de Alcalá,18:00,800,A02,Museo Nacional Centro de Arte Reina Sofía,museum_indoor,indoor_cultural,indoor,1418.0,17.7,INDOOR_NOT_MODELLED,INDOOR_REFUGE,INDOOR_BYPASS,,42.7,MODERATE,EXCLUDED,ACCESSIBILITY_CONSTRAINT,
S3,A14,Puerta de Alcalá,18:00,800,A03,Museo Thyssen-Bornemisza,museum_indoor,indoor_cultural,indoor,683.0,8.5,INDOOR_NOT_MODELLED,INDOOR_REFUGE,INDOOR_BYPASS,,42.7,MODERATE,EXCLUDED,CLOSED_AT_TIMESTAMP,
S3,A14,Puerta de Alcalá,18:00,800,A04,CaixaForum Madrid,museum_indoor,indoor_cultural,indoor,1069.0,13.4,INDOOR_NOT_MODELLED,INDOOR_REFUGE,INDOOR_BYPASS,,42.7,MODERATE,EXCLUDED,ACCESSIBILITY_CONSTRAINT,
S3,A14,Puerta de Alcalá,18:00,800,A05,Museo Naval de Madrid,museum_indoor,indoor_cultural,indoor,414.0,5.2,INDOOR_NOT_MODELLED,INDOOR_REFUGE,INDOOR_BYPASS,,42.7,MODERATE,EXCLUDED,CLOSED_AT_TIMESTAMP,
S3,A14,Puerta de Alcalá,18:00,800,A06,Museo Nacional de Antropología,museum_indoor,indoor_cultural,indoor,1359.0,17.0,INDOOR_NOT_MODELLED,INDOOR_REFUGE,INDOOR_BYPASS,,42.7,MODERATE,EXCLUDED,CLOSED_AT_TIMESTAMP,
S3,A14,Puerta de Alcalá,18:00,800,A07,Museo Nacional de Artes Decorativas,museum_indoor,indoor_cultural,indoor,259.0,3.2,INDOOR_NOT_MODELLED,INDOOR_REFUGE,INDOOR_BYPASS,,42.7,MODERATE,EXCLUDED,CLOSED_AT_TIMESTAMP,
S3,A14,Puerta de Alcalá,18:00,800,A08,Real Fábrica de Tapices,museum_indoor,indoor_cultural,indoor,1665.0,20.8,INDOOR_NOT_MODELLED,INDOOR_REFUGE,INDOOR_BYPASS,,42.7,MODERATE,EXCLUDED,CLOSED_AT_TIMESTAMP,
S3,A14,Puerta de Alcalá,18:00,800,A09,Madrid-Puerta de Atocha-Almudena Grandes,transit_hub,transit_refuge,indoor,1716.0,21.4,INDOOR_NOT_MODELLED,INDOOR_REFUGE,INDOOR_BYPASS,,42.7,MODERATE,EXCLUDED,ACCESSIBILITY_CONSTRAINT,
S3,A14,Puerta de Alcalá,18:00,800,A10,Estación del Arte,transit_hub,transit_refuge,indoor,1261.0,15.8,INDOOR_NOT_MODELLED,INDOOR_REFUGE,INDOOR_BYPASS,,42.7,MODERATE,EXCLUDED,ACCESSIBILITY_CONSTRAINT,
S3,A14,Puerta de Alcalá,18:00,800,A11,Retiro,transit_hub,transit_refuge,indoor,202.0,2.5,INDOOR_NOT_MODELLED,INDOOR_REFUGE,INDOOR_BYPASS,,42.7,MODERATE,CANDIDATE_ALTERNATIVE,,indoor refuge vs outdoor source (categorical)
S3,A14,Puerta de Alcalá,18:00,800,A12,Banco de España,transit_hub,transit_refuge,indoor,535.0,6.7,INDOOR_NOT_MODELLED,INDOOR_REFUGE,INDOOR_BYPASS,,42.7,MODERATE,CANDIDATE_ALTERNATIVE,,indoor refuge vs outdoor source (categorical)
S3,A14,Puerta de Alcalá,18:00,800,A13,Jardín Tropical,transit_hub_green,indoor_green_refuge,indoor,1460.0,18.2,INDOOR_NOT_MODELLED,INDOOR_REFUGE,INDOOR_BYPASS,,42.7,MODERATE,EXCLUDED,ACCESSIBILITY_CONSTRAINT,
S3,A14,Puerta de Alcalá,18:00,800,A15,Fuente de Cibeles,monument_outdoor,outdoor_monument,outdoor,377.0,4.7,VERY_STRONG_HEAT_STRESS,AVOID_PROLONGED_OUTDOOR_EXPOSURE,BOUNDARY,44.2,42.7,MODERATE,EXCLUDED,OUTDOOR_EXPOSURE_TOO_HIGH,outdoor and hotter (44.2 > 42.7)
S3,A14,Puerta de Alcalá,18:00,800,A16,Fuente de Neptuno,monument_outdoor,outdoor_monument,outdoor,699.0,8.7,VERY_STRONG_HEAT_STRESS,AVOID_PROLONGED_OUTDOOR_EXPOSURE,BOUNDARY,45.2,42.7,MODERATE,EXCLUDED,OUTDOOR_EXPOSURE_TOO_HIGH,outdoor and hotter (45.2 > 42.7)
S3,A14,Puerta de Alcalá,18:00,800,A17,Estatua de Goya,monument_outdoor,outdoor_monument,outdoor,643.0,8.0,VERY_STRONG_HEAT_STRESS,AVOID_PROLONGED_OUTDOOR_EXPOSURE,ROBUST,43.9,42.7,HIGH,EXCLUDED,OUTDOOR_EXPOSURE_TOO_HIGH,outdoor and hotter (43.9 > 42.7)
S3,A14,Puerta de Alcalá,18:00,800,A18,Palacio de Cibeles - Ayuntamiento de Madrid,monument_outdoor,outdoor_monument,outdoor,297.0,3.7,VERY_STRONG_HEAT_STRESS,AVOID_PROLONGED_OUTDOOR_EXPOSURE,ROBUST,43.0,42.7,MODERATE,EXCLUDED,OUTDOOR_EXPOSURE_TOO_HIGH,outdoor and hotter (43.0 > 42.7)
S3,A14,Puerta de Alcalá,18:00,800,A19,Real Observatorio de Madrid,monument_outdoor,outdoor_monument,outdoor,1290.0,16.1,VERY_STRONG_HEAT_STRESS,AVOID_PROLONGED_OUTDOOR_EXPOSURE,ROBUST,41.7,42.7,MODERATE,EXCLUDED,CLOSED_AT_TIMESTAMP,
S3,A14,Puerta de Alcalá,18:00,800,A20,Parque del Retiro,park_general,green_outdoor,outdoor,764.0,9.5,VERY_STRONG_HEAT_STRESS,AVOID_PROLONGED_OUTDOOR_EXPOSURE,ROBUST,40.1,42.7,HIGH,CANDIDATE_ALTERNATIVE,,UTCI 40.1 <= source 42.7 - 0.8
S3,A14,Puerta de Alcalá,18:00,800,A21,Real Jardín Botánico de Madrid,garden_outdoor,green_outdoor,outdoor,995.0,12.4,VERY_STRONG_HEAT_STRESS,AVOID_PROLONGED_OUTDOOR_EXPOSURE,ROBUST,39.9,42.7,HIGH,EXCLUDED,ACCESSIBILITY_CONSTRAINT,
S3,A14,Puerta de Alcalá,18:00,800,A22,Palacio de Cristal,outdoor_pavilion_shaded,shaded_outdoor,outdoor,908.0,11.3,VERY_STRONG_HEAT_STRESS,AVOID_PROLONGED_OUTDOOR_EXPOSURE,ROBUST,42.9,42.7,MODERATE,EXCLUDED,ACCESSIBILITY_CONSTRAINT,
S3,A14,Puerta de Alcalá,18:00,800,A23,Jardines de Cecilio Rodríguez,garden_outdoor,green_outdoor,outdoor,1172.0,14.6,VERY_STRONG_HEAT_STRESS,AVOID_PROLONGED_OUTDOOR_EXPOSURE,ROBUST,41.9,42.7,MODERATE,EXCLUDED,ACCESSIBILITY_CONSTRAINT,
S3,A14,Puerta de Alcalá,18:00,800,A24,La Rosaleda,garden_outdoor,green_outdoor,outdoor,1246.0,15.6,VERY_STRONG_HEAT_STRESS,AVOID_PROLONGED_OUTDOOR_EXPOSURE,UNSTABLE,45.4,42.7,LOW,EXCLUDED,ACCESSIBILITY_CONSTRAINT,
S3,A14,Puerta de Alcalá,18:00,800,A25,Jardín del Parterre,garden_outdoor,green_outdoor,outdoor,534.0,6.7,VERY_STRONG_HEAT_STRESS,AVOID_PROLONGED_OUTDOOR_EXPOSURE,ROBUST,42.9,42.7,MODERATE,EXCLUDED,OUTDOOR_EXPOSURE_TOO_HIGH,outdoor and hotter (42.9 > 42.7)
S3,A14,Puerta de Alcalá,18:00,800,A26,Monumento a Alfonso XII,outdoor_attraction_mixed_shade,shaded_outdoor,outdoor,564.0,7.0,VERY_STRONG_HEAT_STRESS,AVOID_PROLONGED_OUTDOOR_EXPOSURE,ROBUST,43.9,42.7,HIGH,EXCLUDED,OUTDOOR_EXPOSURE_TOO_HIGH,outdoor and hotter (43.9 > 42.7)
S3,A14,Puerta de Alcalá,18:00,800,A27,Jardines del Arquitecto Herrero Palacios,garden_outdoor,green_outdoor,outdoor,983.0,12.3,VERY_STRONG_HEAT_STRESS,AVOID_PROLONGED_OUTDOOR_EXPOSURE,ROBUST,42.2,42.7,MODERATE,EXCLUDED,ACCESSIBILITY_CONSTRAINT,
S4,A26,Monumento a Alfonso XII,18:00,800,A01,Museo del Prado,museum_indoor,indoor_cultural,indoor,822.0,10.3,INDOOR_NOT_MODELLED,INDOOR_REFUGE,INDOOR_BYPASS,,43.9,MODERATE,EXCLUDED,ACCESSIBILITY_CONSTRAINT,
S4,A26,Monumento a Alfonso XII,18:00,800,A02,Museo Nacional Centro de Arte Reina Sofía,museum_indoor,indoor_cultural,indoor,1419.0,17.7,INDOOR_NOT_MODELLED,INDOOR_REFUGE,INDOOR_BYPASS,,43.9,MODERATE,EXCLUDED,ACCESSIBILITY_CONSTRAINT,
S4,A26,Monumento a Alfonso XII,18:00,800,A03,Museo Thyssen-Bornemisza,museum_indoor,indoor_cultural,indoor,1026.0,12.8,INDOOR_NOT_MODELLED,INDOOR_REFUGE,INDOOR_BYPASS,,43.9,MODERATE,EXCLUDED,CLOSED_AT_TIMESTAMP,
S4,A26,Monumento a Alfonso XII,18:00,800,A04,CaixaForum Madrid,museum_indoor,indoor_cultural,indoor,1126.0,14.1,INDOOR_NOT_MODELLED,INDOOR_REFUGE,INDOOR_BYPASS,,43.9,MODERATE,EXCLUDED,ACCESSIBILITY_CONSTRAINT,
S4,A26,Monumento a Alfonso XII,18:00,800,A05,Museo Naval de Madrid,museum_indoor,indoor_cultural,indoor,790.0,9.9,INDOOR_NOT_MODELLED,INDOOR_REFUGE,INDOOR_BYPASS,,43.9,MODERATE,EXCLUDED,CLOSED_AT_TIMESTAMP,
S4,A26,Monumento a Alfonso XII,18:00,800,A06,Museo Nacional de Antropología,museum_indoor,indoor_cultural,indoor,1179.0,14.7,INDOOR_NOT_MODELLED,INDOOR_REFUGE,INDOOR_BYPASS,,43.9,MODERATE,EXCLUDED,CLOSED_AT_TIMESTAMP,
S4,A26,Monumento a Alfonso XII,18:00,800,A07,Museo Nacional de Artes Decorativas,museum_indoor,indoor_cultural,indoor,566.0,7.1,INDOOR_NOT_MODELLED,INDOOR_REFUGE,INDOOR_BYPASS,,43.9,MODERATE,EXCLUDED,CLOSED_AT_TIMESTAMP,
S4,A26,Monumento a Alfonso XII,18:00,800,A08,Real Fábrica de Tapices,museum_indoor,indoor_cultural,indoor,1281.0,16.0,INDOOR_NOT_MODELLED,INDOOR_REFUGE,INDOOR_BYPASS,,43.9,MODERATE,EXCLUDED,CLOSED_AT_TIMESTAMP,
S4,A26,Monumento a Alfonso XII,18:00,800,A09,Madrid-Puerta de Atocha-Almudena Grandes,transit_hub,transit_refuge,indoor,1496.0,18.7,INDOOR_NOT_MODELLED,INDOOR_REFUGE,INDOOR_BYPASS,,43.9,MODERATE,EXCLUDED,ACCESSIBILITY_CONSTRAINT,
S4,A26,Monumento a Alfonso XII,18:00,800,A10,Estación del Arte,transit_hub,transit_refuge,indoor,1181.0,14.8,INDOOR_NOT_MODELLED,INDOOR_REFUGE,INDOOR_BYPASS,,43.9,MODERATE,EXCLUDED,ACCESSIBILITY_CONSTRAINT,
S4,A26,Monumento a Alfonso XII,18:00,800,A11,Retiro,transit_hub,transit_refuge,indoor,452.0,5.7,INDOOR_NOT_MODELLED,INDOOR_REFUGE,INDOOR_BYPASS,,43.9,MODERATE,CANDIDATE_ALTERNATIVE,,indoor refuge vs outdoor source (categorical)
S4,A26,Monumento a Alfonso XII,18:00,800,A12,Banco de España,transit_hub,transit_refuge,indoor,1022.0,12.8,INDOOR_NOT_MODELLED,INDOOR_REFUGE,INDOOR_BYPASS,,43.9,MODERATE,EXCLUDED,ACCESSIBILITY_CONSTRAINT,
S4,A26,Monumento a Alfonso XII,18:00,800,A13,Jardín Tropical,transit_hub_green,indoor_green_refuge,indoor,1344.0,16.8,INDOOR_NOT_MODELLED,INDOOR_REFUGE,INDOOR_BYPASS,,43.9,MODERATE,EXCLUDED,ACCESSIBILITY_CONSTRAINT,
S4,A26,Monumento a Alfonso XII,18:00,800,A14,Puerta de Alcalá,monument_outdoor,outdoor_monument,outdoor,564.0,7.0,VERY_STRONG_HEAT_STRESS,AVOID_PROLONGED_OUTDOOR_EXPOSURE,ROBUST,42.7,43.9,HIGH,CANDIDATE_ALTERNATIVE,,UTCI 42.7 <= source 43.9 - 0.8
S4,A26,Monumento a Alfonso XII,18:00,800,A15,Fuente de Cibeles,monument_outdoor,outdoor_monument,outdoor,878.0,11.0,VERY_STRONG_HEAT_STRESS,AVOID_PROLONGED_OUTDOOR_EXPOSURE,BOUNDARY,44.2,43.9,MODERATE,EXCLUDED,ACCESSIBILITY_CONSTRAINT,
S4,A26,Monumento a Alfonso XII,18:00,800,A16,Fuente de Neptuno,monument_outdoor,outdoor_monument,outdoor,966.0,12.1,VERY_STRONG_HEAT_STRESS,AVOID_PROLONGED_OUTDOOR_EXPOSURE,BOUNDARY,45.2,43.9,MODERATE,EXCLUDED,ACCESSIBILITY_CONSTRAINT,
S4,A26,Monumento a Alfonso XII,18:00,800,A17,Estatua de Goya,monument_outdoor,outdoor_monument,outdoor,843.0,10.5,VERY_STRONG_HEAT_STRESS,AVOID_PROLONGED_OUTDOOR_EXPOSURE,ROBUST,43.9,43.9,HIGH,EXCLUDED,ACCESSIBILITY_CONSTRAINT,
S4,A26,Monumento a Alfonso XII,18:00,800,A18,Palacio de Cibeles - Ayuntamiento de Madrid,monument_outdoor,outdoor_monument,outdoor,767.0,9.6,VERY_STRONG_HEAT_STRESS,AVOID_PROLONGED_OUTDOOR_EXPOSURE,ROBUST,43.0,43.9,MODERATE,CANDIDATE_ALTERNATIVE,,UTCI 43.0 <= source 43.9 - 0.8
S4,A26,Monumento a Alfonso XII,18:00,800,A19,Real Observatorio de Madrid,monument_outdoor,outdoor_monument,outdoor,1049.0,13.1,VERY_STRONG_HEAT_STRESS,AVOID_PROLONGED_OUTDOOR_EXPOSURE,ROBUST,41.7,43.9,MODERATE,EXCLUDED,CLOSED_AT_TIMESTAMP,
S4,A26,Monumento a Alfonso XII,18:00,800,A20,Parque del Retiro,park_general,green_outdoor,outdoor,274.0,3.4,VERY_STRONG_HEAT_STRESS,AVOID_PROLONGED_OUTDOOR_EXPOSURE,ROBUST,40.1,43.9,HIGH,CANDIDATE_ALTERNATIVE,,UTCI 40.1 <= source 43.9 - 0.8
S4,A26,Monumento a Alfonso XII,18:00,800,A21,Real Jardín Botánico de Madrid,garden_outdoor,green_outdoor,outdoor,944.0,11.8,VERY_STRONG_HEAT_STRESS,AVOID_PROLONGED_OUTDOOR_EXPOSURE,ROBUST,39.9,43.9,HIGH,EXCLUDED,ACCESSIBILITY_CONSTRAINT,
S4,A26,Monumento a Alfonso XII,18:00,800,A22,Palacio de Cristal,outdoor_pavilion_shaded,shaded_outdoor,outdoor,423.0,5.3,VERY_STRONG_HEAT_STRESS,AVOID_PROLONGED_OUTDOOR_EXPOSURE,ROBUST,42.9,43.9,MODERATE,CANDIDATE_ALTERNATIVE,,UTCI 42.9 <= source 43.9 - 0.8
S4,A26,Monumento a Alfonso XII,18:00,800,A23,Jardines de Cecilio Rodríguez,garden_outdoor,green_outdoor,outdoor,617.0,7.7,VERY_STRONG_HEAT_STRESS,AVOID_PROLONGED_OUTDOOR_EXPOSURE,ROBUST,41.9,43.9,MODERATE,CANDIDATE_ALTERNATIVE,,UTCI 41.9 <= source 43.9 - 0.8
S4,A26,Monumento a Alfonso XII,18:00,800,A24,La Rosaleda,garden_outdoor,green_outdoor,outdoor,762.0,9.5,VERY_STRONG_HEAT_STRESS,AVOID_PROLONGED_OUTDOOR_EXPOSURE,UNSTABLE,45.4,43.9,LOW,EXCLUDED,INSUFFICIENT_EVIDENCE,
S4,A26,Monumento a Alfonso XII,18:00,800,A25,Jardín del Parterre,garden_outdoor,green_outdoor,outdoor,431.0,5.4,VERY_STRONG_HEAT_STRESS,AVOID_PROLONGED_OUTDOOR_EXPOSURE,ROBUST,42.9,43.9,MODERATE,CANDIDATE_ALTERNATIVE,,UTCI 42.9 <= source 43.9 - 0.8
S4,A26,Monumento a Alfonso XII,18:00,800,A27,Jardines del Arquitecto Herrero Palacios,garden_outdoor,green_outdoor,outdoor,420.0,5.3,VERY_STRONG_HEAT_STRESS,AVOID_PROLONGED_OUTDOOR_EXPOSURE,ROBUST,42.2,43.9,MODERATE,CANDIDATE_ALTERNATIVE,,UTCI 42.2 <= source 43.9 - 0.8
S5,A19,Real Observatorio de Madrid,15:00,800,A01,Museo del Prado,museum_indoor,indoor_cultural,indoor,703.0,8.8,INDOOR_NOT_MODELLED,INDOOR_REFUGE,INDOOR_BYPASS,,41.4,MODERATE,CANDIDATE_ALTERNATIVE,,indoor refuge vs outdoor source (categorical)
S5,A19,Real Observatorio de Madrid,15:00,800,A02,Museo Nacional Centro de Arte Reina Sofía,museum_indoor,indoor_cultural,indoor,622.0,7.8,INDOOR_NOT_MODELLED,INDOOR_REFUGE,INDOOR_BYPASS,,41.4,MODERATE,CANDIDATE_ALTERNATIVE,,indoor refuge vs outdoor source (categorical)
S5,A19,Real Observatorio de Madrid,15:00,800,A03,Museo Thyssen-Bornemisza,museum_indoor,indoor_cultural,indoor,1091.0,13.6,INDOOR_NOT_MODELLED,INDOOR_REFUGE,INDOOR_BYPASS,,41.4,MODERATE,EXCLUDED,ACCESSIBILITY_CONSTRAINT,
S5,A19,Real Observatorio de Madrid,15:00,800,A04,CaixaForum Madrid,museum_indoor,indoor_cultural,indoor,611.0,7.6,INDOOR_NOT_MODELLED,INDOOR_REFUGE,INDOOR_BYPASS,,41.4,MODERATE,CANDIDATE_ALTERNATIVE,,indoor refuge vs outdoor source (categorical)
S5,A19,Real Observatorio de Madrid,15:00,800,A05,Museo Naval de Madrid,museum_indoor,indoor_cultural,indoor,1099.0,13.7,INDOOR_NOT_MODELLED,INDOOR_REFUGE,INDOOR_BYPASS,,41.4,MODERATE,EXCLUDED,CLOSED_AT_TIMESTAMP,
S5,A19,Real Observatorio de Madrid,15:00,800,A06,Museo Nacional de Antropología,museum_indoor,indoor_cultural,indoor,173.0,2.2,INDOOR_NOT_MODELLED,INDOOR_REFUGE,INDOOR_BYPASS,,41.4,MODERATE,EXCLUDED,CLOSED_AT_TIMESTAMP,
S5,A19,Real Observatorio de Madrid,15:00,800,A07,Museo Nacional de Artes Decorativas,museum_indoor,indoor_cultural,indoor,1060.0,13.3,INDOOR_NOT_MODELLED,INDOOR_REFUGE,INDOOR_BYPASS,,41.4,MODERATE,EXCLUDED,CLOSED_AT_TIMESTAMP,
S5,A19,Real Observatorio de Madrid,15:00,800,A08,Real Fábrica de Tapices,museum_indoor,indoor_cultural,indoor,505.0,6.3,INDOOR_NOT_MODELLED,INDOOR_REFUGE,INDOOR_BYPASS,,41.4,MODERATE,EXCLUDED,CLOSED_AT_TIMESTAMP,
S5,A19,Real Observatorio de Madrid,15:00,800,A09,Madrid-Puerta de Atocha-Almudena Grandes,transit_hub,transit_refuge,indoor,448.0,5.6,INDOOR_NOT_MODELLED,INDOOR_REFUGE,INDOOR_BYPASS,,41.4,MODERATE,CANDIDATE_ALTERNATIVE,,indoor refuge vs outdoor source (categorical)
S5,A19,Real Observatorio de Madrid,15:00,800,A10,Estación del Arte,transit_hub,transit_refuge,indoor,359.0,4.5,INDOOR_NOT_MODELLED,INDOOR_REFUGE,INDOOR_BYPASS,,41.4,MODERATE,CANDIDATE_ALTERNATIVE,,indoor refuge vs outdoor source (categorical)
S5,A19,Real Observatorio de Madrid,15:00,800,A11,Retiro,transit_hub,transit_refuge,indoor,1341.0,16.8,INDOOR_NOT_MODELLED,INDOOR_REFUGE,INDOOR_BYPASS,,41.4,MODERATE,EXCLUDED,ACCESSIBILITY_CONSTRAINT,
S5,A19,Real Observatorio de Madrid,15:00,800,A12,Banco de España,transit_hub,transit_refuge,indoor,1347.0,16.8,INDOOR_NOT_MODELLED,INDOOR_REFUGE,INDOOR_BYPASS,,41.4,MODERATE,EXCLUDED,ACCESSIBILITY_CONSTRAINT,
S5,A19,Real Observatorio de Madrid,15:00,800,A13,Jardín Tropical,transit_hub_green,indoor_green_refuge,indoor,381.0,4.8,INDOOR_NOT_MODELLED,INDOOR_REFUGE,INDOOR_BYPASS,,41.4,MODERATE,CANDIDATE_ALTERNATIVE,,indoor refuge vs outdoor source (categorical)
S5,A19,Real Observatorio de Madrid,15:00,800,A14,Puerta de Alcalá,monument_outdoor,outdoor_monument,outdoor,1290.0,16.1,VERY_STRONG_HEAT_STRESS,AVOID_PROLONGED_OUTDOOR_EXPOSURE,ROBUST,40.5,41.4,HIGH,EXCLUDED,ACCESSIBILITY_CONSTRAINT,
S5,A19,Real Observatorio de Madrid,15:00,800,A15,Fuente de Cibeles,monument_outdoor,outdoor_monument,outdoor,1308.0,16.4,VERY_STRONG_HEAT_STRESS,AVOID_PROLONGED_OUTDOOR_EXPOSURE,BOUNDARY,44.4,41.4,MODERATE,EXCLUDED,ACCESSIBILITY_CONSTRAINT,
S5,A19,Real Observatorio de Madrid,15:00,800,A16,Fuente de Neptuno,monument_outdoor,outdoor_monument,outdoor,956.0,12.0,VERY_STRONG_HEAT_STRESS,AVOID_PROLONGED_OUTDOOR_EXPOSURE,BOUNDARY,45.0,41.4,MODERATE,EXCLUDED,ACCESSIBILITY_CONSTRAINT,
S5,A19,Real Observatorio de Madrid,15:00,800,A17,Estatua de Goya,monument_outdoor,outdoor_monument,outdoor,854.0,10.7,VERY_STRONG_HEAT_STRESS,AVOID_PROLONGED_OUTDOOR_EXPOSURE,ROBUST,42.6,41.4,HIGH,EXCLUDED,ACCESSIBILITY_CONSTRAINT,
S5,A19,Real Observatorio de Madrid,15:00,800,A18,Palacio de Cibeles - Ayuntamiento de Madrid,monument_outdoor,outdoor_monument,outdoor,1223.0,15.3,VERY_STRONG_HEAT_STRESS,AVOID_PROLONGED_OUTDOOR_EXPOSURE,ROBUST,44.5,41.4,MODERATE,EXCLUDED,ACCESSIBILITY_CONSTRAINT,
S5,A19,Real Observatorio de Madrid,15:00,800,A20,Parque del Retiro,park_general,green_outdoor,outdoor,812.0,10.2,VERY_STRONG_HEAT_STRESS,AVOID_PROLONGED_OUTDOOR_EXPOSURE,ROBUST,38.6,41.4,HIGH,EXCLUDED,ACCESSIBILITY_CONSTRAINT,
S5,A19,Real Observatorio de Madrid,15:00,800,A21,Real Jardín Botánico de Madrid,garden_outdoor,green_outdoor,outdoor,424.0,5.3,VERY_STRONG_HEAT_STRESS,AVOID_PROLONGED_OUTDOOR_EXPOSURE,ROBUST,38.4,41.4,HIGH,CANDIDATE_ALTERNATIVE,,UTCI 38.4 <= source 41.4 - 0.8
S5,A19,Real Observatorio de Madrid,15:00,800,A22,Palacio de Cristal,outdoor_pavilion_shaded,shaded_outdoor,outdoor,723.0,9.0,VERY_STRONG_HEAT_STRESS,AVOID_PROLONGED_OUTDOOR_EXPOSURE,ROBUST,43.9,41.4,MODERATE,EXCLUDED,OUTDOOR_EXPOSURE_TOO_HIGH,outdoor and hotter (43.9 > 41.4)
S5,A19,Real Observatorio de Madrid,15:00,800,A23,Jardines de Cecilio Rodríguez,garden_outdoor,green_outdoor,outdoor,958.0,12.0,VERY_STRONG_HEAT_STRESS,AVOID_PROLONGED_OUTDOOR_EXPOSURE,ROBUST,44.4,41.4,MODERATE,EXCLUDED,ACCESSIBILITY_CONSTRAINT,
S5,A19,Real Observatorio de Madrid,15:00,800,A24,La Rosaleda,garden_outdoor,green_outdoor,outdoor,644.0,8.0,VERY_STRONG_HEAT_STRESS,AVOID_PROLONGED_OUTDOOR_EXPOSURE,BOUNDARY,45.0,41.4,MODERATE,EXCLUDED,OUTDOOR_EXPOSURE_TOO_HIGH,outdoor and hotter (45.0 > 41.4)
S5,A19,Real Observatorio de Madrid,15:00,800,A25,Jardín del Parterre,garden_outdoor,green_outdoor,outdoor,763.0,9.5,VERY_STRONG_HEAT_STRESS,AVOID_PROLONGED_OUTDOOR_EXPOSURE,BOUNDARY,45.0,41.4,MODERATE,EXCLUDED,OUTDOOR_EXPOSURE_TOO_HIGH,outdoor and hotter (45.0 > 41.4)
S5,A19,Real Observatorio de Madrid,15:00,800,A26,Monumento a Alfonso XII,outdoor_attraction_mixed_shade,shaded_outdoor,outdoor,1049.0,13.1,VERY_STRONG_HEAT_STRESS,AVOID_PROLONGED_OUTDOOR_EXPOSURE,ROBUST,42.1,41.4,HIGH,EXCLUDED,ACCESSIBILITY_CONSTRAINT,
S5,A19,Real Observatorio de Madrid,15:00,800,A27,Jardines del Arquitecto Herrero Palacios,garden_outdoor,green_outdoor,outdoor,1082.0,13.5,VERY_STRONG_HEAT_STRESS,AVOID_PROLONGED_OUTDOOR_EXPOSURE,ROBUST,43.5,41.4,MODERATE,EXCLUDED,ACCESSIBILITY_CONSTRAINT,
S6,A17,Estatua de Goya,18:00,800,A01,Museo del Prado,museum_indoor,indoor_cultural,indoor,151.0,1.9,INDOOR_NOT_MODELLED,INDOOR_REFUGE,INDOOR_BYPASS,,43.9,MODERATE,CANDIDATE_ALTERNATIVE,,indoor refuge vs outdoor source (categorical)
S6,A17,Estatua de Goya,18:00,800,A02,Museo Nacional Centro de Arte Reina Sofía,museum_indoor,indoor_cultural,indoor,791.0,9.9,INDOOR_NOT_MODELLED,INDOOR_REFUGE,INDOOR_BYPASS,,43.9,MODERATE,CANDIDATE_ALTERNATIVE,,indoor refuge vs outdoor source (categorical)
S6,A17,Estatua de Goya,18:00,800,A03,Museo Thyssen-Bornemisza,museum_indoor,indoor_cultural,indoor,257.0,3.2,INDOOR_NOT_MODELLED,INDOOR_REFUGE,INDOOR_BYPASS,,43.9,MODERATE,EXCLUDED,CLOSED_AT_TIMESTAMP,
S6,A17,Estatua de Goya,18:00,800,A04,CaixaForum Madrid,museum_indoor,indoor_cultural,indoor,440.0,5.5,INDOOR_NOT_MODELLED,INDOOR_REFUGE,INDOOR_BYPASS,,43.9,MODERATE,CANDIDATE_ALTERNATIVE,,indoor refuge vs outdoor source (categorical)
S6,A17,Estatua de Goya,18:00,800,A05,Museo Naval de Madrid,museum_indoor,indoor_cultural,indoor,282.0,3.5,INDOOR_NOT_MODELLED,INDOOR_REFUGE,INDOOR_BYPASS,,43.9,MODERATE,EXCLUDED,CLOSED_AT_TIMESTAMP,
S6,A17,Estatua de Goya,18:00,800,A06,Museo Nacional de Antropología,museum_indoor,indoor_cultural,indoor,854.0,10.7,INDOOR_NOT_MODELLED,INDOOR_REFUGE,INDOOR_BYPASS,,43.9,MODERATE,EXCLUDED,CLOSED_AT_TIMESTAMP,
S6,A17,Estatua de Goya,18:00,800,A07,Museo Nacional de Artes Decorativas,museum_indoor,indoor_cultural,indoor,392.0,4.9,INDOOR_NOT_MODELLED,INDOOR_REFUGE,INDOOR_BYPASS,,43.9,MODERATE,EXCLUDED,CLOSED_AT_TIMESTAMP,
S6,A17,Estatua de Goya,18:00,800,A08,Real Fábrica de Tapices,museum_indoor,indoor_cultural,indoor,1333.0,16.7,INDOOR_NOT_MODELLED,INDOOR_REFUGE,INDOOR_BYPASS,,43.9,MODERATE,EXCLUDED,CLOSED_AT_TIMESTAMP,
S6,A17,Estatua de Goya,18:00,800,A09,Madrid-Puerta de Atocha-Almudena Grandes,transit_hub,transit_refuge,indoor,1204.0,15.1,INDOOR_NOT_MODELLED,INDOOR_REFUGE,INDOOR_BYPASS,,43.9,MODERATE,EXCLUDED,ACCESSIBILITY_CONSTRAINT,
S6,A17,Estatua de Goya,18:00,800,A10,Estación del Arte,transit_hub,transit_refuge,indoor,689.0,8.6,INDOOR_NOT_MODELLED,INDOOR_REFUGE,INDOOR_BYPASS,,43.9,MODERATE,CANDIDATE_ALTERNATIVE,,indoor refuge vs outdoor source (categorical)
S6,A17,Estatua de Goya,18:00,800,A11,Retiro,transit_hub,transit_refuge,indoor,801.0,10.0,INDOOR_NOT_MODELLED,INDOOR_REFUGE,INDOOR_BYPASS,,43.9,MODERATE,EXCLUDED,ACCESSIBILITY_CONSTRAINT,
S6,A17,Estatua de Goya,18:00,800,A12,Banco de España,transit_hub,transit_refuge,indoor,496.0,6.2,INDOOR_NOT_MODELLED,INDOOR_REFUGE,INDOOR_BYPASS,,43.9,MODERATE,CANDIDATE_ALTERNATIVE,,indoor refuge vs outdoor source (categorical)
S6,A17,Estatua de Goya,18:00,800,A13,Jardín Tropical,transit_hub_green,indoor_green_refuge,indoor,892.0,11.1,INDOOR_NOT_MODELLED,INDOOR_REFUGE,INDOOR_BYPASS,,43.9,MODERATE,EXCLUDED,ACCESSIBILITY_CONSTRAINT,
S6,A17,Estatua de Goya,18:00,800,A14,Puerta de Alcalá,monument_outdoor,outdoor_monument,outdoor,643.0,8.0,VERY_STRONG_HEAT_STRESS,AVOID_PROLONGED_OUTDOOR_EXPOSURE,ROBUST,42.7,43.9,HIGH,CANDIDATE_ALTERNATIVE,,UTCI 42.7 <= source 43.9 - 0.8
S6,A17,Estatua de Goya,18:00,800,A15,Fuente de Cibeles,monument_outdoor,outdoor_monument,outdoor,486.0,6.1,VERY_STRONG_HEAT_STRESS,AVOID_PROLONGED_OUTDOOR_EXPOSURE,BOUNDARY,44.2,43.9,MODERATE,EXCLUDED,OUTDOOR_EXPOSURE_TOO_HIGH,outdoor and hotter (44.2 > 43.9)
S6,A17,Estatua de Goya,18:00,800,A16,Fuente de Neptuno,monument_outdoor,outdoor_monument,outdoor,140.0,1.7,VERY_STRONG_HEAT_STRESS,AVOID_PROLONGED_OUTDOOR_EXPOSURE,BOUNDARY,45.2,43.9,MODERATE,EXCLUDED,OUTDOOR_EXPOSURE_TOO_HIGH,outdoor and hotter (45.2 > 43.9)
S6,A17,Estatua de Goya,18:00,800,A18,Palacio de Cibeles - Ayuntamiento de Madrid,monument_outdoor,outdoor_monument,outdoor,433.0,5.4,VERY_STRONG_HEAT_STRESS,AVOID_PROLONGED_OUTDOOR_EXPOSURE,ROBUST,43.0,43.9,MODERATE,CANDIDATE_ALTERNATIVE,,UTCI 43.0 <= source 43.9 - 0.8
S6,A17,Estatua de Goya,18:00,800,A19,Real Observatorio de Madrid,monument_outdoor,outdoor_monument,outdoor,854.0,10.7,VERY_STRONG_HEAT_STRESS,AVOID_PROLONGED_OUTDOOR_EXPOSURE,ROBUST,41.7,43.9,MODERATE,EXCLUDED,CLOSED_AT_TIMESTAMP,
S6,A17,Estatua de Goya,18:00,800,A20,Parque del Retiro,park_general,green_outdoor,outdoor,832.0,10.4,VERY_STRONG_HEAT_STRESS,AVOID_PROLONGED_OUTDOOR_EXPOSURE,ROBUST,40.1,43.9,HIGH,EXCLUDED,ACCESSIBILITY_CONSTRAINT,
S6,A17,Estatua de Goya,18:00,800,A21,Real Jardín Botánico de Madrid,garden_outdoor,green_outdoor,outdoor,450.0,5.6,VERY_STRONG_HEAT_STRESS,AVOID_PROLONGED_OUTDOOR_EXPOSURE,ROBUST,39.9,43.9,HIGH,CANDIDATE_ALTERNATIVE,,UTCI 39.9 <= source 43.9 - 0.8
S6,A17,Estatua de Goya,18:00,800,A22,Palacio de Cristal,outdoor_pavilion_shaded,shaded_outdoor,outdoor,901.0,11.3,VERY_STRONG_HEAT_STRESS,AVOID_PROLONGED_OUTDOOR_EXPOSURE,ROBUST,42.9,43.9,MODERATE,EXCLUDED,ACCESSIBILITY_CONSTRAINT,
S6,A17,Estatua de Goya,18:00,800,A23,Jardines de Cecilio Rodríguez,garden_outdoor,green_outdoor,outdoor,1246.0,15.6,VERY_STRONG_HEAT_STRESS,AVOID_PROLONGED_OUTDOOR_EXPOSURE,ROBUST,41.9,43.9,MODERATE,EXCLUDED,ACCESSIBILITY_CONSTRAINT,
S6,A17,Estatua de Goya,18:00,800,A24,La Rosaleda,garden_outdoor,green_outdoor,outdoor,1135.0,14.2,VERY_STRONG_HEAT_STRESS,AVOID_PROLONGED_OUTDOOR_EXPOSURE,UNSTABLE,45.4,43.9,LOW,EXCLUDED,ACCESSIBILITY_CONSTRAINT,
S6,A17,Estatua de Goya,18:00,800,A25,Jardín del Parterre,garden_outdoor,green_outdoor,outdoor,436.0,5.4,VERY_STRONG_HEAT_STRESS,AVOID_PROLONGED_OUTDOOR_EXPOSURE,ROBUST,42.9,43.9,MODERATE,CANDIDATE_ALTERNATIVE,,UTCI 42.9 <= source 43.9 - 0.8
S6,A17,Estatua de Goya,18:00,800,A26,Monumento a Alfonso XII,outdoor_attraction_mixed_shade,shaded_outdoor,outdoor,843.0,10.5,VERY_STRONG_HEAT_STRESS,AVOID_PROLONGED_OUTDOOR_EXPOSURE,ROBUST,43.9,43.9,HIGH,EXCLUDED,ACCESSIBILITY_CONSTRAINT,
S6,A17,Estatua de Goya,18:00,800,A27,Jardines del Arquitecto Herrero Palacios,garden_outdoor,green_outdoor,outdoor,1179.0,14.7,VERY_STRONG_HEAT_STRESS,AVOID_PROLONGED_OUTDOOR_EXPOSURE,ROBUST,42.2,43.9,MODERATE,EXCLUDED,ACCESSIBILITY_CONSTRAINT,
S7,A24,La Rosaleda,18:00,800,A01,Museo del Prado,museum_indoor,indoor_cultural,indoor,1015.0,12.7,INDOOR_NOT_MODELLED,INDOOR_REFUGE,INDOOR_BYPASS,,45.4,MODERATE,EXCLUDED,ACCESSIBILITY_CONSTRAINT,
S7,A24,La Rosaleda,18:00,800,A02,Museo Nacional Centro de Arte Reina Sofía,museum_indoor,indoor_cultural,indoor,1247.0,15.6,INDOOR_NOT_MODELLED,INDOOR_REFUGE,INDOOR_BYPASS,,45.4,MODERATE,EXCLUDED,ACCESSIBILITY_CONSTRAINT,
S7,A24,La Rosaleda,18:00,800,A03,Museo Thyssen-Bornemisza,museum_indoor,indoor_cultural,indoor,1390.0,17.4,INDOOR_NOT_MODELLED,INDOOR_REFUGE,INDOOR_BYPASS,,45.4,MODERATE,EXCLUDED,CLOSED_AT_TIMESTAMP,
S7,A24,La Rosaleda,18:00,800,A04,CaixaForum Madrid,museum_indoor,indoor_cultural,indoor,1122.0,14.0,INDOOR_NOT_MODELLED,INDOOR_REFUGE,INDOOR_BYPASS,,45.4,MODERATE,EXCLUDED,ACCESSIBILITY_CONSTRAINT,
S7,A24,La Rosaleda,18:00,800,A05,Museo Naval de Madrid,museum_indoor,indoor_cultural,indoor,1267.0,15.8,INDOOR_NOT_MODELLED,INDOOR_REFUGE,INDOOR_BYPASS,,45.4,MODERATE,EXCLUDED,CLOSED_AT_TIMESTAMP,
S7,A24,La Rosaleda,18:00,800,A06,Museo Nacional de Antropología,museum_indoor,indoor_cultural,indoor,817.0,10.2,INDOOR_NOT_MODELLED,INDOOR_REFUGE,INDOOR_BYPASS,,45.4,MODERATE,EXCLUDED,CLOSED_AT_TIMESTAMP,
S7,A24,La Rosaleda,18:00,800,A07,Museo Nacional de Artes Decorativas,museum_indoor,indoor_cultural,indoor,1114.0,13.9,INDOOR_NOT_MODELLED,INDOOR_REFUGE,INDOOR_BYPASS,,45.4,MODERATE,EXCLUDED,CLOSED_AT_TIMESTAMP,
S7,A24,La Rosaleda,18:00,800,A08,Real Fábrica de Tapices,museum_indoor,indoor_cultural,indoor,582.0,7.3,INDOOR_NOT_MODELLED,INDOOR_REFUGE,INDOOR_BYPASS,,45.4,MODERATE,EXCLUDED,CLOSED_AT_TIMESTAMP,
S7,A24,La Rosaleda,18:00,800,A09,Madrid-Puerta de Atocha-Almudena Grandes,transit_hub,transit_refuge,indoor,991.0,12.4,INDOOR_NOT_MODELLED,INDOOR_REFUGE,INDOOR_BYPASS,,45.4,MODERATE,EXCLUDED,ACCESSIBILITY_CONSTRAINT,
S7,A24,La Rosaleda,18:00,800,A10,Estación del Arte,transit_hub,transit_refuge,indoor,969.0,12.1,INDOOR_NOT_MODELLED,INDOOR_REFUGE,INDOOR_BYPASS,,45.4,MODERATE,EXCLUDED,ACCESSIBILITY_CONSTRAINT,
S7,A24,La Rosaleda,18:00,800,A11,Retiro,transit_hub,transit_refuge,indoor,1195.0,14.9,INDOOR_NOT_MODELLED,INDOOR_REFUGE,INDOOR_BYPASS,,45.4,MODERATE,EXCLUDED,ACCESSIBILITY_CONSTRAINT,
S7,A24,La Rosaleda,18:00,800,A12,Banco de España,transit_hub,transit_refuge,indoor,1541.0,19.3,INDOOR_NOT_MODELLED,INDOOR_REFUGE,INDOOR_BYPASS,,45.4,MODERATE,EXCLUDED,ACCESSIBILITY_CONSTRAINT,
S7,A24,La Rosaleda,18:00,800,A13,Jardín Tropical,transit_hub_green,indoor_green_refuge,indoor,1025.0,12.8,INDOOR_NOT_MODELLED,INDOOR_REFUGE,INDOOR_BYPASS,,45.4,MODERATE,EXCLUDED,ACCESSIBILITY_CONSTRAINT,
S7,A24,La Rosaleda,18:00,800,A14,Puerta de Alcalá,monument_outdoor,outdoor_monument,outdoor,1246.0,15.6,VERY_STRONG_HEAT_STRESS,AVOID_PROLONGED_OUTDOOR_EXPOSURE,ROBUST,42.7,45.4,HIGH,EXCLUDED,ACCESSIBILITY_CONSTRAINT,
S7,A24,La Rosaleda,18:00,800,A15,Fuente de Cibeles,monument_outdoor,outdoor_monument,outdoor,1439.0,18.0,VERY_STRONG_HEAT_STRESS,AVOID_PROLONGED_OUTDOOR_EXPOSURE,BOUNDARY,44.2,45.4,MODERATE,EXCLUDED,ACCESSIBILITY_CONSTRAINT,
S7,A24,La Rosaleda,18:00,800,A16,Fuente de Neptuno,monument_outdoor,outdoor_monument,outdoor,1272.0,15.9,VERY_STRONG_HEAT_STRESS,AVOID_PROLONGED_OUTDOOR_EXPOSURE,BOUNDARY,45.2,45.4,MODERATE,EXCLUDED,ACCESSIBILITY_CONSTRAINT,
S7,A24,La Rosaleda,18:00,800,A17,Estatua de Goya,monument_outdoor,outdoor_monument,outdoor,1135.0,14.2,VERY_STRONG_HEAT_STRESS,AVOID_PROLONGED_OUTDOOR_EXPOSURE,ROBUST,43.9,45.4,HIGH,EXCLUDED,ACCESSIBILITY_CONSTRAINT,
S7,A24,La Rosaleda,18:00,800,A18,Palacio de Cibeles - Ayuntamiento de Madrid,monument_outdoor,outdoor_monument,outdoor,1329.0,16.6,VERY_STRONG_HEAT_STRESS,AVOID_PROLONGED_OUTDOOR_EXPOSURE,ROBUST,43.0,45.4,MODERATE,EXCLUDED,ACCESSIBILITY_CONSTRAINT,
S7,A24,La Rosaleda,18:00,800,A19,Real Observatorio de Madrid,monument_outdoor,outdoor_monument,outdoor,644.0,8.0,VERY_STRONG_HEAT_STRESS,AVOID_PROLONGED_OUTDOOR_EXPOSURE,ROBUST,41.7,45.4,MODERATE,EXCLUDED,CLOSED_AT_TIMESTAMP,
S7,A24,La Rosaleda,18:00,800,A20,Parque del Retiro,park_general,green_outdoor,outdoor,497.0,6.2,VERY_STRONG_HEAT_STRESS,AVOID_PROLONGED_OUTDOOR_EXPOSURE,ROBUST,40.1,45.4,HIGH,CANDIDATE_ALTERNATIVE,,UTCI 40.1 <= source 45.4 - 0.8
S7,A24,La Rosaleda,18:00,800,A21,Real Jardín Botánico de Madrid,garden_outdoor,green_outdoor,outdoor,884.0,11.1,VERY_STRONG_HEAT_STRESS,AVOID_PROLONGED_OUTDOOR_EXPOSURE,ROBUST,39.9,45.4,HIGH,EXCLUDED,ACCESSIBILITY_CONSTRAINT,
S7,A24,La Rosaleda,18:00,800,A22,Palacio de Cristal,outdoor_pavilion_shaded,shaded_outdoor,outdoor,345.0,4.3,VERY_STRONG_HEAT_STRESS,AVOID_PROLONGED_OUTDOOR_EXPOSURE,ROBUST,42.9,45.4,MODERATE,CANDIDATE_ALTERNATIVE,,UTCI 42.9 <= source 45.4 - 0.8
S7,A24,La Rosaleda,18:00,800,A23,Jardines de Cecilio Rodríguez,garden_outdoor,green_outdoor,outdoor,347.0,4.3,VERY_STRONG_HEAT_STRESS,AVOID_PROLONGED_OUTDOOR_EXPOSURE,ROBUST,41.9,45.4,MODERATE,CANDIDATE_ALTERNATIVE,,UTCI 41.9 <= source 45.4 - 0.8
S7,A24,La Rosaleda,18:00,800,A25,Jardín del Parterre,garden_outdoor,green_outdoor,outdoor,782.0,9.8,VERY_STRONG_HEAT_STRESS,AVOID_PROLONGED_OUTDOOR_EXPOSURE,ROBUST,42.9,45.4,MODERATE,CANDIDATE_ALTERNATIVE,,UTCI 42.9 <= source 45.4 - 0.8
S7,A24,La Rosaleda,18:00,800,A26,Monumento a Alfonso XII,outdoor_attraction_mixed_shade,shaded_outdoor,outdoor,762.0,9.5,VERY_STRONG_HEAT_STRESS,AVOID_PROLONGED_OUTDOOR_EXPOSURE,ROBUST,43.9,45.4,HIGH,CANDIDATE_ALTERNATIVE,,UTCI 43.9 <= source 45.4 - 0.8
S7,A24,La Rosaleda,18:00,800,A27,Jardines del Arquitecto Herrero Palacios,garden_outdoor,green_outdoor,outdoor,555.0,6.9,VERY_STRONG_HEAT_STRESS,AVOID_PROLONGED_OUTDOOR_EXPOSURE,ROBUST,42.2,45.4,MODERATE,CANDIDATE_ALTERNATIVE,,UTCI 42.2 <= source 45.4 - 0.8
S8,A20,Parque del Retiro,15:00,500,A01,Museo del Prado,museum_indoor,indoor_cultural,indoor,763.0,9.5,INDOOR_NOT_MODELLED,INDOOR_REFUGE,INDOOR_BYPASS,,38.6,MODERATE,EXCLUDED,ACCESSIBILITY_CONSTRAINT,
S8,A20,Parque del Retiro,15:00,500,A02,Museo Nacional Centro de Arte Reina Sofía,museum_indoor,indoor_cultural,indoor,1260.0,15.7,INDOOR_NOT_MODELLED,INDOOR_REFUGE,INDOOR_BYPASS,,38.6,MODERATE,EXCLUDED,ACCESSIBILITY_CONSTRAINT,
S8,A20,Parque del Retiro,15:00,500,A03,Museo Thyssen-Bornemisza,museum_indoor,indoor_cultural,indoor,1060.0,13.2,INDOOR_NOT_MODELLED,INDOOR_REFUGE,INDOOR_BYPASS,,38.6,MODERATE,EXCLUDED,ACCESSIBILITY_CONSTRAINT,
S8,A20,Parque del Retiro,15:00,500,A04,CaixaForum Madrid,museum_indoor,indoor_cultural,indoor,1010.0,12.6,INDOOR_NOT_MODELLED,INDOOR_REFUGE,INDOOR_BYPASS,,38.6,MODERATE,EXCLUDED,ACCESSIBILITY_CONSTRAINT,
S8,A20,Parque del Retiro,15:00,500,A05,Museo Naval de Madrid,museum_indoor,indoor_cultural,indoor,871.0,10.9,INDOOR_NOT_MODELLED,INDOOR_REFUGE,INDOOR_BYPASS,,38.6,MODERATE,EXCLUDED,CLOSED_AT_TIMESTAMP,
S8,A20,Parque del Retiro,15:00,500,A06,Museo Nacional de Antropología,museum_indoor,indoor_cultural,indoor,957.0,12.0,INDOOR_NOT_MODELLED,INDOOR_REFUGE,INDOOR_BYPASS,,38.6,MODERATE,EXCLUDED,CLOSED_AT_TIMESTAMP,
S8,A20,Parque del Retiro,15:00,500,A07,Museo Nacional de Artes Decorativas,museum_indoor,indoor_cultural,indoor,677.0,8.5,INDOOR_NOT_MODELLED,INDOOR_REFUGE,INDOOR_BYPASS,,38.6,MODERATE,EXCLUDED,CLOSED_AT_TIMESTAMP,
S8,A20,Parque del Retiro,15:00,500,A08,Real Fábrica de Tapices,museum_indoor,indoor_cultural,indoor,1008.0,12.6,INDOOR_NOT_MODELLED,INDOOR_REFUGE,INDOOR_BYPASS,,38.6,MODERATE,EXCLUDED,CLOSED_AT_TIMESTAMP,
S8,A20,Parque del Retiro,15:00,500,A09,Madrid-Puerta de Atocha-Almudena Grandes,transit_hub,transit_refuge,indoor,1253.0,15.7,INDOOR_NOT_MODELLED,INDOOR_REFUGE,INDOOR_BYPASS,,38.6,MODERATE,EXCLUDED,ACCESSIBILITY_CONSTRAINT,
S8,A20,Parque del Retiro,15:00,500,A10,Estación del Arte,transit_hub,transit_refuge,indoor,1000.0,12.5,INDOOR_NOT_MODELLED,INDOOR_REFUGE,INDOOR_BYPASS,,38.6,MODERATE,EXCLUDED,ACCESSIBILITY_CONSTRAINT,
S8,A20,Parque del Retiro,15:00,500,A11,Retiro,transit_hub,transit_refuge,indoor,699.0,8.7,INDOOR_NOT_MODELLED,INDOOR_REFUGE,INDOOR_BYPASS,,38.6,MODERATE,EXCLUDED,ACCESSIBILITY_CONSTRAINT,
S8,A20,Parque del Retiro,15:00,500,A12,Banco de España,transit_hub,transit_refuge,indoor,1134.0,14.2,INDOOR_NOT_MODELLED,INDOOR_REFUGE,INDOOR_BYPASS,,38.6,MODERATE,EXCLUDED,ACCESSIBILITY_CONSTRAINT,
S8,A20,Parque del Retiro,15:00,500,A13,Jardín Tropical,transit_hub_green,indoor_green_refuge,indoor,1139.0,14.2,INDOOR_NOT_MODELLED,INDOOR_REFUGE,INDOOR_BYPASS,,38.6,MODERATE,EXCLUDED,ACCESSIBILITY_CONSTRAINT,
S8,A20,Parque del Retiro,15:00,500,A14,Puerta de Alcalá,monument_outdoor,outdoor_monument,outdoor,764.0,9.5,VERY_STRONG_HEAT_STRESS,AVOID_PROLONGED_OUTDOOR_EXPOSURE,ROBUST,40.5,38.6,HIGH,EXCLUDED,ACCESSIBILITY_CONSTRAINT,
S8,A20,Parque del Retiro,15:00,500,A15,Fuente de Cibeles,monument_outdoor,outdoor_monument,outdoor,1009.0,12.6,VERY_STRONG_HEAT_STRESS,AVOID_PROLONGED_OUTDOOR_EXPOSURE,BOUNDARY,44.4,38.6,MODERATE,EXCLUDED,ACCESSIBILITY_CONSTRAINT,
S8,A20,Parque del Retiro,15:00,500,A16,Fuente de Neptuno,monument_outdoor,outdoor_monument,outdoor,969.0,12.1,VERY_STRONG_HEAT_STRESS,AVOID_PROLONGED_OUTDOOR_EXPOSURE,BOUNDARY,45.0,38.6,MODERATE,EXCLUDED,ACCESSIBILITY_CONSTRAINT,
S8,A20,Parque del Retiro,15:00,500,A17,Estatua de Goya,monument_outdoor,outdoor_monument,outdoor,832.0,10.4,VERY_STRONG_HEAT_STRESS,AVOID_PROLONGED_OUTDOOR_EXPOSURE,ROBUST,42.6,38.6,HIGH,EXCLUDED,ACCESSIBILITY_CONSTRAINT,
S8,A20,Parque del Retiro,15:00,500,A18,Palacio de Cibeles - Ayuntamiento de Madrid,monument_outdoor,outdoor_monument,outdoor,895.0,11.2,VERY_STRONG_HEAT_STRESS,AVOID_PROLONGED_OUTDOOR_EXPOSURE,ROBUST,44.5,38.6,MODERATE,EXCLUDED,ACCESSIBILITY_CONSTRAINT,
S8,A20,Parque del Retiro,15:00,500,A19,Real Observatorio de Madrid,monument_outdoor,outdoor_monument,outdoor,812.0,10.2,VERY_STRONG_HEAT_STRESS,AVOID_PROLONGED_OUTDOOR_EXPOSURE,ROBUST,41.4,38.6,MODERATE,EXCLUDED,CLOSED_AT_TIMESTAMP,
S8,A20,Parque del Retiro,15:00,500,A21,Real Jardín Botánico de Madrid,garden_outdoor,green_outdoor,outdoor,795.0,9.9,VERY_STRONG_HEAT_STRESS,AVOID_PROLONGED_OUTDOOR_EXPOSURE,ROBUST,38.4,38.6,HIGH,EXCLUDED,ACCESSIBILITY_CONSTRAINT,
S8,A20,Parque del Retiro,15:00,500,A22,Palacio de Cristal,outdoor_pavilion_shaded,shaded_outdoor,outdoor,152.0,1.9,VERY_STRONG_HEAT_STRESS,AVOID_PROLONGED_OUTDOOR_EXPOSURE,ROBUST,43.9,38.6,MODERATE,EXCLUDED,OUTDOOR_EXPOSURE_TOO_HIGH,outdoor and hotter (43.9 > 38.6)
S8,A20,Parque del Retiro,15:00,500,A23,Jardines de Cecilio Rodríguez,garden_outdoor,green_outdoor,outdoor,435.0,5.4,VERY_STRONG_HEAT_STRESS,AVOID_PROLONGED_OUTDOOR_EXPOSURE,ROBUST,44.4,38.6,MODERATE,EXCLUDED,OUTDOOR_EXPOSURE_TOO_HIGH,outdoor and hotter (44.4 > 38.6)
S8,A20,Parque del Retiro,15:00,500,A24,La Rosaleda,garden_outdoor,green_outdoor,outdoor,497.0,6.2,VERY_STRONG_HEAT_STRESS,AVOID_PROLONGED_OUTDOOR_EXPOSURE,BOUNDARY,45.0,38.6,MODERATE,EXCLUDED,OUTDOOR_EXPOSURE_TOO_HIGH,outdoor and hotter (45.0 > 38.6)
S8,A20,Parque del Retiro,15:00,500,A25,Jardín del Parterre,garden_outdoor,green_outdoor,outdoor,400.0,5.0,VERY_STRONG_HEAT_STRESS,AVOID_PROLONGED_OUTDOOR_EXPOSURE,BOUNDARY,45.0,38.6,MODERATE,EXCLUDED,OUTDOOR_EXPOSURE_TOO_HIGH,outdoor and hotter (45.0 > 38.6)
S8,A20,Parque del Retiro,15:00,500,A26,Monumento a Alfonso XII,outdoor_attraction_mixed_shade,shaded_outdoor,outdoor,274.0,3.4,VERY_STRONG_HEAT_STRESS,AVOID_PROLONGED_OUTDOOR_EXPOSURE,ROBUST,42.1,38.6,HIGH,EXCLUDED,OUTDOOR_EXPOSURE_TOO_HIGH,outdoor and hotter (42.1 > 38.6)
S8,A20,Parque del Retiro,15:00,500,A27,Jardines del Arquitecto Herrero Palacios,garden_outdoor,green_outdoor,outdoor,355.0,4.4,VERY_STRONG_HEAT_STRESS,AVOID_PROLONGED_OUTDOOR_EXPOSURE,ROBUST,43.5,38.6,MODERATE,EXCLUDED,OUTDOOR_EXPOSURE_TOO_HIGH,outdoor and hotter (43.5 > 38.6)
