scenario,asset_id,name,timestamp,tmrt_mean_10m,utci_mean_10m,utci_category,feasibility_this_scenario,feasibility_phase2_baseline,feasibility_phase1_proxy,utci_delta_vs_baseline,decision_changed_vs_phase2_baseline
REAL_SATELLITE,A14,Puerta de Alcalá,12:00,49.6,36.6,Very strong heat stress,FEASIBLE WITH CONDITIONS,FEASIBLE WITH CONDITIONS,FEASIBLE WITH CONDITIONS,-0.2,False
REAL_SATELLITE,A15,Fuente de Cibeles,12:00,59.2,38.9,Extreme heat stress,FEASIBLE WITH CONDITIONS,FEASIBLE WITH CONDITIONS,FEASIBLE WITH CONDITIONS,-1.1,False
REAL_SATELLITE,A16,Fuente de Neptuno,12:00,63.2,39.8,Extreme heat stress,FEASIBLE WITH CONDITIONS,FEASIBLE WITH CONDITIONS,FEASIBLE WITH CONDITIONS,-0.9,False
REAL_SATELLITE,A17,Estatua de Goya,12:00,38.4,33.9,Very strong heat stress,FEASIBLE WITH CONDITIONS,FEASIBLE WITH CONDITIONS,FEASIBLE,0.0,False
REAL_SATELLITE,A18,Palacio de Cibeles - Ayuntamiento de Madrid,12:00,58.1,38.6,Extreme heat stress,FEASIBLE WITH CONDITIONS,FEASIBLE WITH CONDITIONS,FEASIBLE,-0.5,False
REAL_SATELLITE,A19,Real Observatorio de Madrid,12:00,37.8,33.8,Very strong heat stress,FEASIBLE WITH CONDITIONS,FEASIBLE WITH CONDITIONS,FEASIBLE WITH CONDITIONS,0.2,False
REAL_SATELLITE,A20,Parque del Retiro,12:00,37.3,33.7,Very strong heat stress,FEASIBLE WITH CONDITIONS,FEASIBLE WITH CONDITIONS,FEASIBLE,0.0,False
REAL_SATELLITE,A21,Real Jardín Botánico de Madrid,12:00,32.6,32.5,Very strong heat stress,FEASIBLE WITH CONDITIONS,FEASIBLE WITH CONDITIONS,FEASIBLE,0.1,False
REAL_SATELLITE,A22,Palacio de Cristal,12:00,49.7,36.6,Very strong heat stress,FEASIBLE WITH CONDITIONS,FEASIBLE WITH CONDITIONS,FEASIBLE,-0.2,False
REAL_SATELLITE,A23,Jardines de Cecilio Rodríguez,12:00,58.8,38.8,Extreme heat stress,FEASIBLE WITH CONDITIONS,FEASIBLE WITH CONDITIONS,FEASIBLE,-0.6,False
REAL_SATELLITE,A24,La Rosaleda,12:00,62.8,39.7,Extreme heat stress,FEASIBLE WITH CONDITIONS,FEASIBLE WITH CONDITIONS,FEASIBLE,-0.7,False
REAL_SATELLITE,A25,Jardín del Parterre,12:00,62.4,39.6,Extreme heat stress,FEASIBLE WITH CONDITIONS,FEASIBLE WITH CONDITIONS,FEASIBLE,-0.7,False
REAL_SATELLITE,A26,Monumento a Alfonso XII,12:00,52.0,37.2,Very strong heat stress,FEASIBLE WITH CONDITIONS,FEASIBLE WITH CONDITIONS,FEASIBLE WITH CONDITIONS,-0.3,False
REAL_SATELLITE,A27,Jardines del Arquitecto Herrero Palacios,12:00,51.8,37.1,Very strong heat stress,FEASIBLE WITH CONDITIONS,FEASIBLE WITH CONDITIONS,FEASIBLE,-0.5,False
REAL_SATELLITE,A14,Puerta de Alcalá,15:00,47.1,40.5,Extreme heat stress,FEASIBLE WITH CONDITIONS,FEASIBLE WITH CONDITIONS,FEASIBLE WITH CONDITIONS,0.0,False
REAL_SATELLITE,A15,Fuente de Cibeles,15:00,63.4,44.5,Extreme heat stress,FEASIBLE WITH CONDITIONS,FEASIBLE WITH CONDITIONS,FEASIBLE WITH CONDITIONS,0.1,False
REAL_SATELLITE,A16,Fuente de Neptuno,15:00,65.8,45.1,Extreme heat stress,FEASIBLE WITH CONDITIONS,FEASIBLE WITH CONDITIONS,FEASIBLE WITH CONDITIONS,0.1,False
REAL_SATELLITE,A17,Estatua de Goya,15:00,55.7,42.6,Extreme heat stress,FEASIBLE WITH CONDITIONS,FEASIBLE WITH CONDITIONS,FEASIBLE WITH CONDITIONS,0.0,False
REAL_SATELLITE,A18,Palacio de Cibeles - Ayuntamiento de Madrid,15:00,63.7,44.6,Extreme heat stress,FEASIBLE WITH CONDITIONS,FEASIBLE WITH CONDITIONS,FEASIBLE WITH CONDITIONS,0.1,False
REAL_SATELLITE,A19,Real Observatorio de Madrid,15:00,50.8,41.4,Extreme heat stress,FEASIBLE WITH CONDITIONS,FEASIBLE WITH CONDITIONS,FEASIBLE WITH CONDITIONS,0.0,False
REAL_SATELLITE,A20,Parque del Retiro,15:00,39.1,38.6,Extreme heat stress,FEASIBLE WITH CONDITIONS,FEASIBLE WITH CONDITIONS,FEASIBLE WITH CONDITIONS,0.0,False
REAL_SATELLITE,A21,Real Jardín Botánico de Madrid,15:00,38.1,38.3,Extreme heat stress,FEASIBLE WITH CONDITIONS,FEASIBLE WITH CONDITIONS,FEASIBLE WITH CONDITIONS,-0.1,False
REAL_SATELLITE,A22,Palacio de Cristal,15:00,61.0,43.9,Extreme heat stress,FEASIBLE WITH CONDITIONS,FEASIBLE WITH CONDITIONS,FEASIBLE WITH CONDITIONS,0.0,False
REAL_SATELLITE,A23,Jardines de Cecilio Rodríguez,15:00,63.1,44.4,Extreme heat stress,FEASIBLE WITH CONDITIONS,FEASIBLE WITH CONDITIONS,FEASIBLE WITH CONDITIONS,0.0,False
REAL_SATELLITE,A24,La Rosaleda,15:00,65.8,45.1,Extreme heat stress,FEASIBLE WITH CONDITIONS,FEASIBLE WITH CONDITIONS,FEASIBLE WITH CONDITIONS,0.1,False
REAL_SATELLITE,A25,Jardín del Parterre,15:00,65.8,45.0,Extreme heat stress,FEASIBLE WITH CONDITIONS,FEASIBLE WITH CONDITIONS,FEASIBLE WITH CONDITIONS,0.0,False
REAL_SATELLITE,A26,Monumento a Alfonso XII,15:00,53.6,42.1,Extreme heat stress,FEASIBLE WITH CONDITIONS,FEASIBLE WITH CONDITIONS,FEASIBLE WITH CONDITIONS,0.0,False
REAL_SATELLITE,A27,Jardines del Arquitecto Herrero Palacios,15:00,59.8,43.6,Extreme heat stress,FEASIBLE WITH CONDITIONS,FEASIBLE WITH CONDITIONS,FEASIBLE WITH CONDITIONS,0.1,False
REAL_SATELLITE,A14,Puerta de Alcalá,18:00,52.0,43.0,Extreme heat stress,FEASIBLE WITH CONDITIONS,FEASIBLE WITH CONDITIONS,NOT RECOMMENDED,0.3,False
REAL_SATELLITE,A15,Fuente de Cibeles,18:00,61.6,45.2,Extreme heat stress,FEASIBLE WITH CONDITIONS,FEASIBLE WITH CONDITIONS,NOT RECOMMENDED,1.0,False
REAL_SATELLITE,A16,Fuente de Neptuno,18:00,64.9,45.9,Extreme heat stress,FEASIBLE WITH CONDITIONS,FEASIBLE WITH CONDITIONS,NOT RECOMMENDED,0.7,False
REAL_SATELLITE,A17,Estatua de Goya,18:00,58.9,44.6,Extreme heat stress,FEASIBLE WITH CONDITIONS,FEASIBLE WITH CONDITIONS,FEASIBLE WITH CONDITIONS,0.7,False
REAL_SATELLITE,A18,Palacio de Cibeles - Ayuntamiento de Madrid,18:00,53.2,43.2,Extreme heat stress,FEASIBLE WITH CONDITIONS,FEASIBLE WITH CONDITIONS,FEASIBLE WITH CONDITIONS,0.2,False
REAL_SATELLITE,A19,Real Observatorio de Madrid,18:00,46.8,41.8,Extreme heat stress,FEASIBLE WITH CONDITIONS,FEASIBLE WITH CONDITIONS,NOT RECOMMENDED,0.1,False
REAL_SATELLITE,A20,Parque del Retiro,18:00,39.5,40.1,Extreme heat stress,FEASIBLE WITH CONDITIONS,FEASIBLE WITH CONDITIONS,FEASIBLE WITH CONDITIONS,0.0,False
REAL_SATELLITE,A21,Real Jardín Botánico de Madrid,18:00,38.6,39.9,Extreme heat stress,FEASIBLE WITH CONDITIONS,FEASIBLE WITH CONDITIONS,FEASIBLE WITH CONDITIONS,0.0,False
REAL_SATELLITE,A22,Palacio de Cristal,18:00,52.7,43.1,Extreme heat stress,FEASIBLE WITH CONDITIONS,FEASIBLE WITH CONDITIONS,FEASIBLE WITH CONDITIONS,0.2,False
REAL_SATELLITE,A23,Jardines de Cecilio Rodríguez,18:00,47.7,42.0,Extreme heat stress,FEASIBLE WITH CONDITIONS,FEASIBLE WITH CONDITIONS,FEASIBLE WITH CONDITIONS,0.1,False
REAL_SATELLITE,A24,La Rosaleda,18:00,65.2,46.0,Extreme heat stress,NOT RECOMMENDED,FEASIBLE WITH CONDITIONS,FEASIBLE WITH CONDITIONS,0.6,True
REAL_SATELLITE,A25,Jardín del Parterre,18:00,52.6,43.1,Extreme heat stress,FEASIBLE WITH CONDITIONS,FEASIBLE WITH CONDITIONS,FEASIBLE WITH CONDITIONS,0.2,False
REAL_SATELLITE,A26,Monumento a Alfonso XII,18:00,57.9,44.3,Extreme heat stress,FEASIBLE WITH CONDITIONS,FEASIBLE WITH CONDITIONS,NOT RECOMMENDED,0.4,False
REAL_SATELLITE,A27,Jardines del Arquitecto Herrero Palacios,18:00,49.7,42.4,Extreme heat stress,FEASIBLE WITH CONDITIONS,FEASIBLE WITH CONDITIONS,FEASIBLE WITH CONDITIONS,0.2,False
SENS_A_minus10pct,A14,Puerta de Alcalá,12:00,49.6,36.6,Very strong heat stress,FEASIBLE WITH CONDITIONS,FEASIBLE WITH CONDITIONS,FEASIBLE WITH CONDITIONS,-0.2,False
SENS_A_minus10pct,A15,Fuente de Cibeles,12:00,59.2,38.9,Extreme heat stress,FEASIBLE WITH CONDITIONS,FEASIBLE WITH CONDITIONS,FEASIBLE WITH CONDITIONS,-1.1,False
SENS_A_minus10pct,A16,Fuente de Neptuno,12:00,63.1,39.8,Extreme heat stress,FEASIBLE WITH CONDITIONS,FEASIBLE WITH CONDITIONS,FEASIBLE WITH CONDITIONS,-0.9,False
SENS_A_minus10pct,A17,Estatua de Goya,12:00,38.4,33.9,Very strong heat stress,FEASIBLE WITH CONDITIONS,FEASIBLE WITH CONDITIONS,FEASIBLE,0.0,False
SENS_A_minus10pct,A18,Palacio de Cibeles - Ayuntamiento de Madrid,12:00,58.1,38.6,Extreme heat stress,FEASIBLE WITH CONDITIONS,FEASIBLE WITH CONDITIONS,FEASIBLE,-0.5,False
SENS_A_minus10pct,A19,Real Observatorio de Madrid,12:00,37.8,33.8,Very strong heat stress,FEASIBLE WITH CONDITIONS,FEASIBLE WITH CONDITIONS,FEASIBLE WITH CONDITIONS,0.2,False
SENS_A_minus10pct,A20,Parque del Retiro,12:00,37.3,33.7,Very strong heat stress,FEASIBLE WITH CONDITIONS,FEASIBLE WITH CONDITIONS,FEASIBLE,0.0,False
SENS_A_minus10pct,A21,Real Jardín Botánico de Madrid,12:00,32.6,32.5,Very strong heat stress,FEASIBLE WITH CONDITIONS,FEASIBLE WITH CONDITIONS,FEASIBLE,0.1,False
SENS_A_minus10pct,A22,Palacio de Cristal,12:00,49.7,36.6,Very strong heat stress,FEASIBLE WITH CONDITIONS,FEASIBLE WITH CONDITIONS,FEASIBLE,-0.2,False
SENS_A_minus10pct,A23,Jardines de Cecilio Rodríguez,12:00,58.8,38.8,Extreme heat stress,FEASIBLE WITH CONDITIONS,FEASIBLE WITH CONDITIONS,FEASIBLE,-0.6,False
SENS_A_minus10pct,A24,La Rosaleda,12:00,62.8,39.7,Extreme heat stress,FEASIBLE WITH CONDITIONS,FEASIBLE WITH CONDITIONS,FEASIBLE,-0.7,False
SENS_A_minus10pct,A25,Jardín del Parterre,12:00,62.4,39.6,Extreme heat stress,FEASIBLE WITH CONDITIONS,FEASIBLE WITH CONDITIONS,FEASIBLE,-0.7,False
SENS_A_minus10pct,A26,Monumento a Alfonso XII,12:00,51.9,37.2,Very strong heat stress,FEASIBLE WITH CONDITIONS,FEASIBLE WITH CONDITIONS,FEASIBLE WITH CONDITIONS,-0.3,False
SENS_A_minus10pct,A27,Jardines del Arquitecto Herrero Palacios,12:00,51.8,37.1,Very strong heat stress,FEASIBLE WITH CONDITIONS,FEASIBLE WITH CONDITIONS,FEASIBLE,-0.5,False
SENS_A_minus10pct,A14,Puerta de Alcalá,15:00,47.4,40.6,Extreme heat stress,FEASIBLE WITH CONDITIONS,FEASIBLE WITH CONDITIONS,FEASIBLE WITH CONDITIONS,0.1,False
SENS_A_minus10pct,A15,Fuente de Cibeles,15:00,58.9,43.4,Extreme heat stress,FEASIBLE WITH CONDITIONS,FEASIBLE WITH CONDITIONS,FEASIBLE WITH CONDITIONS,-1.0,False
SENS_A_minus10pct,A16,Fuente de Neptuno,15:00,63.0,44.4,Extreme heat stress,FEASIBLE WITH CONDITIONS,FEASIBLE WITH CONDITIONS,FEASIBLE WITH CONDITIONS,-0.6,False
SENS_A_minus10pct,A17,Estatua de Goya,15:00,53.8,42.1,Extreme heat stress,FEASIBLE WITH CONDITIONS,FEASIBLE WITH CONDITIONS,FEASIBLE WITH CONDITIONS,-0.5,False
SENS_A_minus10pct,A18,Palacio de Cibeles - Ayuntamiento de Madrid,15:00,61.8,44.1,Extreme heat stress,FEASIBLE WITH CONDITIONS,FEASIBLE WITH CONDITIONS,FEASIBLE WITH CONDITIONS,-0.4,False
SENS_A_minus10pct,A19,Real Observatorio de Madrid,15:00,50.2,41.2,Extreme heat stress,FEASIBLE WITH CONDITIONS,FEASIBLE WITH CONDITIONS,FEASIBLE WITH CONDITIONS,-0.2,False
SENS_A_minus10pct,A20,Parque del Retiro,15:00,39.4,38.7,Extreme heat stress,FEASIBLE WITH CONDITIONS,FEASIBLE WITH CONDITIONS,FEASIBLE WITH CONDITIONS,0.1,False
SENS_A_minus10pct,A21,Real Jardín Botánico de Madrid,15:00,38.4,38.4,Extreme heat stress,FEASIBLE WITH CONDITIONS,FEASIBLE WITH CONDITIONS,FEASIBLE WITH CONDITIONS,0.0,False
SENS_A_minus10pct,A22,Palacio de Cristal,15:00,59.3,43.5,Extreme heat stress,FEASIBLE WITH CONDITIONS,FEASIBLE WITH CONDITIONS,FEASIBLE WITH CONDITIONS,-0.4,False
SENS_A_minus10pct,A23,Jardines de Cecilio Rodríguez,15:00,60.8,43.8,Extreme heat stress,FEASIBLE WITH CONDITIONS,FEASIBLE WITH CONDITIONS,FEASIBLE WITH CONDITIONS,-0.6,False
SENS_A_minus10pct,A24,La Rosaleda,15:00,64.0,44.6,Extreme heat stress,FEASIBLE WITH CONDITIONS,FEASIBLE WITH CONDITIONS,FEASIBLE WITH CONDITIONS,-0.4,False
SENS_A_minus10pct,A25,Jardín del Parterre,15:00,63.6,44.5,Extreme heat stress,FEASIBLE WITH CONDITIONS,FEASIBLE WITH CONDITIONS,FEASIBLE WITH CONDITIONS,-0.5,False
SENS_A_minus10pct,A26,Monumento a Alfonso XII,15:00,53.1,42.0,Extreme heat stress,FEASIBLE WITH CONDITIONS,FEASIBLE WITH CONDITIONS,FEASIBLE WITH CONDITIONS,-0.1,False
SENS_A_minus10pct,A27,Jardines del Arquitecto Herrero Palacios,15:00,57.5,43.0,Extreme heat stress,FEASIBLE WITH CONDITIONS,FEASIBLE WITH CONDITIONS,FEASIBLE WITH CONDITIONS,-0.5,False
SENS_A_minus10pct,A14,Puerta de Alcalá,18:00,50.0,42.5,Extreme heat stress,FEASIBLE WITH CONDITIONS,FEASIBLE WITH CONDITIONS,NOT RECOMMENDED,-0.2,False
SENS_A_minus10pct,A15,Fuente de Cibeles,18:00,54.5,43.5,Extreme heat stress,FEASIBLE WITH CONDITIONS,FEASIBLE WITH CONDITIONS,NOT RECOMMENDED,-0.7,False
SENS_A_minus10pct,A16,Fuente de Neptuno,18:00,58.9,44.5,Extreme heat stress,FEASIBLE WITH CONDITIONS,FEASIBLE WITH CONDITIONS,NOT RECOMMENDED,-0.7,False
SENS_A_minus10pct,A17,Estatua de Goya,18:00,54.1,43.4,Extreme heat stress,FEASIBLE WITH CONDITIONS,FEASIBLE WITH CONDITIONS,FEASIBLE WITH CONDITIONS,-0.5,False
SENS_A_minus10pct,A18,Palacio de Cibeles - Ayuntamiento de Madrid,18:00,51.1,42.7,Extreme heat stress,FEASIBLE WITH CONDITIONS,FEASIBLE WITH CONDITIONS,FEASIBLE WITH CONDITIONS,-0.3,False
SENS_A_minus10pct,A19,Real Observatorio de Madrid,18:00,45.9,41.5,Extreme heat stress,FEASIBLE WITH CONDITIONS,FEASIBLE WITH CONDITIONS,NOT RECOMMENDED,-0.2,False
SENS_A_minus10pct,A20,Parque del Retiro,18:00,39.5,40.1,Extreme heat stress,FEASIBLE WITH CONDITIONS,FEASIBLE WITH CONDITIONS,FEASIBLE WITH CONDITIONS,0.0,False
SENS_A_minus10pct,A21,Real Jardín Botánico de Madrid,18:00,38.8,39.9,Extreme heat stress,FEASIBLE WITH CONDITIONS,FEASIBLE WITH CONDITIONS,FEASIBLE WITH CONDITIONS,0.0,False
SENS_A_minus10pct,A22,Palacio de Cristal,18:00,50.7,42.6,Extreme heat stress,FEASIBLE WITH CONDITIONS,FEASIBLE WITH CONDITIONS,FEASIBLE WITH CONDITIONS,-0.3,False
SENS_A_minus10pct,A23,Jardines de Cecilio Rodríguez,18:00,47.0,41.8,Extreme heat stress,FEASIBLE WITH CONDITIONS,FEASIBLE WITH CONDITIONS,FEASIBLE WITH CONDITIONS,-0.1,False
SENS_A_minus10pct,A24,La Rosaleda,18:00,60.2,44.8,Extreme heat stress,FEASIBLE WITH CONDITIONS,FEASIBLE WITH CONDITIONS,FEASIBLE WITH CONDITIONS,-0.6,False
SENS_A_minus10pct,A25,Jardín del Parterre,18:00,51.2,42.7,Extreme heat stress,FEASIBLE WITH CONDITIONS,FEASIBLE WITH CONDITIONS,FEASIBLE WITH CONDITIONS,-0.2,False
SENS_A_minus10pct,A26,Monumento a Alfonso XII,18:00,54.7,43.5,Extreme heat stress,FEASIBLE WITH CONDITIONS,FEASIBLE WITH CONDITIONS,NOT RECOMMENDED,-0.4,False
SENS_A_minus10pct,A27,Jardines del Arquitecto Herrero Palacios,18:00,47.8,42.0,Extreme heat stress,FEASIBLE WITH CONDITIONS,FEASIBLE WITH CONDITIONS,FEASIBLE WITH CONDITIONS,-0.2,False
SENS_B_minus20pct,A14,Puerta de Alcalá,12:00,48.2,36.2,Very strong heat stress,FEASIBLE WITH CONDITIONS,FEASIBLE WITH CONDITIONS,FEASIBLE WITH CONDITIONS,-0.6,False
SENS_B_minus20pct,A15,Fuente de Cibeles,12:00,54.2,37.7,Very strong heat stress,FEASIBLE WITH CONDITIONS,FEASIBLE WITH CONDITIONS,FEASIBLE WITH CONDITIONS,-2.3,False
SENS_B_minus20pct,A16,Fuente de Neptuno,12:00,59.3,38.9,Extreme heat stress,FEASIBLE WITH CONDITIONS,FEASIBLE WITH CONDITIONS,FEASIBLE WITH CONDITIONS,-1.8,False
SENS_B_minus20pct,A17,Estatua de Goya,12:00,38.2,33.9,Very strong heat stress,FEASIBLE WITH CONDITIONS,FEASIBLE WITH CONDITIONS,FEASIBLE,0.0,False
SENS_B_minus20pct,A18,Palacio de Cibeles - Ayuntamiento de Madrid,12:00,55.8,38.1,Extreme heat stress,FEASIBLE WITH CONDITIONS,FEASIBLE WITH CONDITIONS,FEASIBLE,-1.0,False
SENS_B_minus20pct,A19,Real Observatorio de Madrid,12:00,38.2,33.8,Very strong heat stress,FEASIBLE WITH CONDITIONS,FEASIBLE WITH CONDITIONS,FEASIBLE WITH CONDITIONS,0.2,False
SENS_B_minus20pct,A20,Parque del Retiro,12:00,36.8,33.5,Very strong heat stress,FEASIBLE WITH CONDITIONS,FEASIBLE WITH CONDITIONS,FEASIBLE,-0.2,False
SENS_B_minus20pct,A21,Real Jardín Botánico de Madrid,12:00,32.9,32.6,Very strong heat stress,FEASIBLE WITH CONDITIONS,FEASIBLE WITH CONDITIONS,FEASIBLE,0.2,False
SENS_B_minus20pct,A22,Palacio de Cristal,12:00,48.6,36.3,Very strong heat stress,FEASIBLE WITH CONDITIONS,FEASIBLE WITH CONDITIONS,FEASIBLE,-0.5,False
SENS_B_minus20pct,A23,Jardines de Cecilio Rodríguez,12:00,55.9,38.1,Extreme heat stress,FEASIBLE WITH CONDITIONS,FEASIBLE WITH CONDITIONS,FEASIBLE,-1.3,False
SENS_B_minus20pct,A24,La Rosaleda,12:00,59.9,39.0,Extreme heat stress,FEASIBLE WITH CONDITIONS,FEASIBLE WITH CONDITIONS,FEASIBLE,-1.4,False
SENS_B_minus20pct,A25,Jardín del Parterre,12:00,59.4,38.9,Extreme heat stress,FEASIBLE WITH CONDITIONS,FEASIBLE WITH CONDITIONS,FEASIBLE,-1.4,False
SENS_B_minus20pct,A26,Monumento a Alfonso XII,12:00,50.1,36.7,Very strong heat stress,FEASIBLE WITH CONDITIONS,FEASIBLE WITH CONDITIONS,FEASIBLE WITH CONDITIONS,-0.8,False
SENS_B_minus20pct,A27,Jardines del Arquitecto Herrero Palacios,12:00,49.6,36.6,Very strong heat stress,FEASIBLE WITH CONDITIONS,FEASIBLE WITH CONDITIONS,FEASIBLE,-1.0,False
SENS_B_minus20pct,A14,Puerta de Alcalá,15:00,47.3,40.5,Extreme heat stress,FEASIBLE WITH CONDITIONS,FEASIBLE WITH CONDITIONS,FEASIBLE WITH CONDITIONS,0.0,False
SENS_B_minus20pct,A15,Fuente de Cibeles,15:00,55.0,42.4,Extreme heat stress,FEASIBLE WITH CONDITIONS,FEASIBLE WITH CONDITIONS,FEASIBLE WITH CONDITIONS,-2.0,False
SENS_B_minus20pct,A16,Fuente de Neptuno,15:00,60.3,43.7,Extreme heat stress,FEASIBLE WITH CONDITIONS,FEASIBLE WITH CONDITIONS,FEASIBLE WITH CONDITIONS,-1.3,False
SENS_B_minus20pct,A17,Estatua de Goya,15:00,52.1,41.7,Extreme heat stress,FEASIBLE WITH CONDITIONS,FEASIBLE WITH CONDITIONS,FEASIBLE WITH CONDITIONS,-0.9,False
SENS_B_minus20pct,A18,Palacio de Cibeles - Ayuntamiento de Madrid,15:00,59.9,43.6,Extreme heat stress,FEASIBLE WITH CONDITIONS,FEASIBLE WITH CONDITIONS,FEASIBLE WITH CONDITIONS,-0.9,False
SENS_B_minus20pct,A19,Real Observatorio de Madrid,15:00,49.3,41.0,Extreme heat stress,FEASIBLE WITH CONDITIONS,FEASIBLE WITH CONDITIONS,FEASIBLE WITH CONDITIONS,-0.4,False
SENS_B_minus20pct,A20,Parque del Retiro,15:00,39.5,38.7,Extreme heat stress,FEASIBLE WITH CONDITIONS,FEASIBLE WITH CONDITIONS,FEASIBLE WITH CONDITIONS,0.1,False
SENS_B_minus20pct,A21,Real Jardín Botánico de Madrid,15:00,38.6,38.5,Extreme heat stress,FEASIBLE WITH CONDITIONS,FEASIBLE WITH CONDITIONS,FEASIBLE WITH CONDITIONS,0.1,False
SENS_B_minus20pct,A22,Palacio de Cristal,15:00,57.5,43.0,Extreme heat stress,FEASIBLE WITH CONDITIONS,FEASIBLE WITH CONDITIONS,FEASIBLE WITH CONDITIONS,-0.9,False
SENS_B_minus20pct,A23,Jardines de Cecilio Rodríguez,15:00,58.5,43.3,Extreme heat stress,FEASIBLE WITH CONDITIONS,FEASIBLE WITH CONDITIONS,FEASIBLE WITH CONDITIONS,-1.1,False
SENS_B_minus20pct,A24,La Rosaleda,15:00,62.0,44.1,Extreme heat stress,FEASIBLE WITH CONDITIONS,FEASIBLE WITH CONDITIONS,FEASIBLE WITH CONDITIONS,-0.9,False
SENS_B_minus20pct,A25,Jardín del Parterre,15:00,61.4,44.0,Extreme heat stress,FEASIBLE WITH CONDITIONS,FEASIBLE WITH CONDITIONS,FEASIBLE WITH CONDITIONS,-1.0,False
SENS_B_minus20pct,A26,Monumento a Alfonso XII,15:00,52.3,41.8,Extreme heat stress,FEASIBLE WITH CONDITIONS,FEASIBLE WITH CONDITIONS,FEASIBLE WITH CONDITIONS,-0.3,False
SENS_B_minus20pct,A27,Jardines del Arquitecto Herrero Palacios,15:00,55.4,42.5,Extreme heat stress,FEASIBLE WITH CONDITIONS,FEASIBLE WITH CONDITIONS,FEASIBLE WITH CONDITIONS,-1.0,False
SENS_B_minus20pct,A14,Puerta de Alcalá,18:00,49.0,42.2,Extreme heat stress,FEASIBLE WITH CONDITIONS,FEASIBLE WITH CONDITIONS,NOT RECOMMENDED,-0.5,False
SENS_B_minus20pct,A15,Fuente de Cibeles,18:00,51.4,42.8,Extreme heat stress,FEASIBLE WITH CONDITIONS,FEASIBLE WITH CONDITIONS,NOT RECOMMENDED,-1.4,False
SENS_B_minus20pct,A16,Fuente de Neptuno,18:00,56.1,43.9,Extreme heat stress,FEASIBLE WITH CONDITIONS,FEASIBLE WITH CONDITIONS,NOT RECOMMENDED,-1.3,False
SENS_B_minus20pct,A17,Estatua de Goya,18:00,51.9,42.9,Extreme heat stress,FEASIBLE WITH CONDITIONS,FEASIBLE WITH CONDITIONS,FEASIBLE WITH CONDITIONS,-1.0,False
SENS_B_minus20pct,A18,Palacio de Cibeles - Ayuntamiento de Madrid,18:00,50.0,42.5,Extreme heat stress,FEASIBLE WITH CONDITIONS,FEASIBLE WITH CONDITIONS,FEASIBLE WITH CONDITIONS,-0.5,False
SENS_B_minus20pct,A19,Real Observatorio de Madrid,18:00,45.4,41.4,Extreme heat stress,FEASIBLE WITH CONDITIONS,FEASIBLE WITH CONDITIONS,NOT RECOMMENDED,-0.3,False
SENS_B_minus20pct,A20,Parque del Retiro,18:00,39.5,40.1,Extreme heat stress,FEASIBLE WITH CONDITIONS,FEASIBLE WITH CONDITIONS,FEASIBLE WITH CONDITIONS,0.0,False
SENS_B_minus20pct,A21,Real Jardín Botánico de Madrid,18:00,38.8,39.9,Extreme heat stress,FEASIBLE WITH CONDITIONS,FEASIBLE WITH CONDITIONS,FEASIBLE WITH CONDITIONS,0.0,False
SENS_B_minus20pct,A22,Palacio de Cristal,18:00,49.6,42.4,Extreme heat stress,FEASIBLE WITH CONDITIONS,FEASIBLE WITH CONDITIONS,FEASIBLE WITH CONDITIONS,-0.5,False
SENS_B_minus20pct,A23,Jardines de Cecilio Rodríguez,18:00,46.4,41.6,Extreme heat stress,FEASIBLE WITH CONDITIONS,FEASIBLE WITH CONDITIONS,FEASIBLE WITH CONDITIONS,-0.3,False
SENS_B_minus20pct,A24,La Rosaleda,18:00,57.8,44.2,Extreme heat stress,FEASIBLE WITH CONDITIONS,FEASIBLE WITH CONDITIONS,FEASIBLE WITH CONDITIONS,-1.2,False
SENS_B_minus20pct,A25,Jardín del Parterre,18:00,50.3,42.5,Extreme heat stress,FEASIBLE WITH CONDITIONS,FEASIBLE WITH CONDITIONS,FEASIBLE WITH CONDITIONS,-0.4,False
SENS_B_minus20pct,A26,Monumento a Alfonso XII,18:00,53.1,43.2,Extreme heat stress,FEASIBLE WITH CONDITIONS,FEASIBLE WITH CONDITIONS,NOT RECOMMENDED,-0.7,False
SENS_B_minus20pct,A27,Jardines del Arquitecto Herrero Palacios,18:00,46.8,41.7,Extreme heat stress,FEASIBLE WITH CONDITIONS,FEASIBLE WITH CONDITIONS,FEASIBLE WITH CONDITIONS,-0.5,False
