asset_id,name,indoor_outdoor,timestamp,temp_c_barajas,meteorological_hazard_state,tree_count_50m,exposure_measurement_method,exposure_state,exposure_override_note,water_dist_m,transit_dist_m,adaptation_state,feasibility_state,exclusion_reason,evidence_confidence,missing_inputs,method_version,station_used,station_representativeness_note
A01,Museo del Prado,indoor,2023-08-21T12:00:00+02:00,34.2,LOW,0,point+50m radius (centroid),,,137.1,139.3,GOOD,FEASIBLE,,MEDIUM,,phase1.1-baseline-hardening-v1.1,"AEMET 08221 Madrid/Barajas (WMO) / AEMET indicativo 3129, ~9 km NE of study area","Hourly hazard input is Madrid/Barajas (~9 km NE of study area; open airport apron). Real Retiro (in/adjacent to study area) hourly data was sought and found unobtainable without account registration or payment - see docs/PHASE1_1_BASELINE_HARDENING.md Audit 1. Retiro's OFFICIAL daily max (40.0C, 21 Aug 2023) and monthly mean (28.0C, Aug 2023) are used as independent cross-checks: Barajas ran +0.5C warmer at daily-max and +0.11C warmer at monthly-mean for the same period, i.e. close regional agreement at daily/monthly scale, but hourly-scale agreement is NOT independently verified and must not be assumed at sub-daily resolution."
A01,Museo del Prado,indoor,2023-08-21T15:00:00+02:00,38.8,ELEVATED,0,point+50m radius (centroid),,,137.1,139.3,GOOD,FEASIBLE,,MEDIUM,,phase1.1-baseline-hardening-v1.1,"AEMET 08221 Madrid/Barajas (WMO) / AEMET indicativo 3129, ~9 km NE of study area","Hourly hazard input is Madrid/Barajas (~9 km NE of study area; open airport apron). Real Retiro (in/adjacent to study area) hourly data was sought and found unobtainable without account registration or payment - see docs/PHASE1_1_BASELINE_HARDENING.md Audit 1. Retiro's OFFICIAL daily max (40.0C, 21 Aug 2023) and monthly mean (28.0C, Aug 2023) are used as independent cross-checks: Barajas ran +0.5C warmer at daily-max and +0.11C warmer at monthly-mean for the same period, i.e. close regional agreement at daily/monthly scale, but hourly-scale agreement is NOT independently verified and must not be assumed at sub-daily resolution."
A01,Museo del Prado,indoor,2023-08-21T18:00:00+02:00,40.5,SEVERE,0,point+50m radius (centroid),,,137.1,139.3,GOOD,FEASIBLE WITH CONDITIONS,,LOW,,phase1.1-baseline-hardening-v1.1,"AEMET 08221 Madrid/Barajas (WMO) / AEMET indicativo 3129, ~9 km NE of study area","Hourly hazard input is Madrid/Barajas (~9 km NE of study area; open airport apron). Real Retiro (in/adjacent to study area) hourly data was sought and found unobtainable without account registration or payment - see docs/PHASE1_1_BASELINE_HARDENING.md Audit 1. Retiro's OFFICIAL daily max (40.0C, 21 Aug 2023) and monthly mean (28.0C, Aug 2023) are used as independent cross-checks: Barajas ran +0.5C warmer at daily-max and +0.11C warmer at monthly-mean for the same period, i.e. close regional agreement at daily/monthly scale, but hourly-scale agreement is NOT independently verified and must not be assumed at sub-daily resolution."
A02,Museo Nacional Centro de Arte Reina Sofía,indoor,2023-08-21T12:00:00+02:00,34.2,LOW,0,point+50m radius (centroid),,,27.2,94.5,GOOD,FEASIBLE,,MEDIUM,,phase1.1-baseline-hardening-v1.1,"AEMET 08221 Madrid/Barajas (WMO) / AEMET indicativo 3129, ~9 km NE of study area","Hourly hazard input is Madrid/Barajas (~9 km NE of study area; open airport apron). Real Retiro (in/adjacent to study area) hourly data was sought and found unobtainable without account registration or payment - see docs/PHASE1_1_BASELINE_HARDENING.md Audit 1. Retiro's OFFICIAL daily max (40.0C, 21 Aug 2023) and monthly mean (28.0C, Aug 2023) are used as independent cross-checks: Barajas ran +0.5C warmer at daily-max and +0.11C warmer at monthly-mean for the same period, i.e. close regional agreement at daily/monthly scale, but hourly-scale agreement is NOT independently verified and must not be assumed at sub-daily resolution."
A02,Museo Nacional Centro de Arte Reina Sofía,indoor,2023-08-21T15:00:00+02:00,38.8,ELEVATED,0,point+50m radius (centroid),,,27.2,94.5,GOOD,FEASIBLE,,MEDIUM,,phase1.1-baseline-hardening-v1.1,"AEMET 08221 Madrid/Barajas (WMO) / AEMET indicativo 3129, ~9 km NE of study area","Hourly hazard input is Madrid/Barajas (~9 km NE of study area; open airport apron). Real Retiro (in/adjacent to study area) hourly data was sought and found unobtainable without account registration or payment - see docs/PHASE1_1_BASELINE_HARDENING.md Audit 1. Retiro's OFFICIAL daily max (40.0C, 21 Aug 2023) and monthly mean (28.0C, Aug 2023) are used as independent cross-checks: Barajas ran +0.5C warmer at daily-max and +0.11C warmer at monthly-mean for the same period, i.e. close regional agreement at daily/monthly scale, but hourly-scale agreement is NOT independently verified and must not be assumed at sub-daily resolution."
A02,Museo Nacional Centro de Arte Reina Sofía,indoor,2023-08-21T18:00:00+02:00,40.5,SEVERE,0,point+50m radius (centroid),,,27.2,94.5,GOOD,FEASIBLE WITH CONDITIONS,,LOW,,phase1.1-baseline-hardening-v1.1,"AEMET 08221 Madrid/Barajas (WMO) / AEMET indicativo 3129, ~9 km NE of study area","Hourly hazard input is Madrid/Barajas (~9 km NE of study area; open airport apron). Real Retiro (in/adjacent to study area) hourly data was sought and found unobtainable without account registration or payment - see docs/PHASE1_1_BASELINE_HARDENING.md Audit 1. Retiro's OFFICIAL daily max (40.0C, 21 Aug 2023) and monthly mean (28.0C, Aug 2023) are used as independent cross-checks: Barajas ran +0.5C warmer at daily-max and +0.11C warmer at monthly-mean for the same period, i.e. close regional agreement at daily/monthly scale, but hourly-scale agreement is NOT independently verified and must not be assumed at sub-daily resolution."
A03,Museo Thyssen-Bornemisza,indoor,2023-08-21T12:00:00+02:00,34.2,LOW,0,point+50m radius (centroid),,,76.4,137.1,GOOD,FEASIBLE,,MEDIUM,,phase1.1-baseline-hardening-v1.1,"AEMET 08221 Madrid/Barajas (WMO) / AEMET indicativo 3129, ~9 km NE of study area","Hourly hazard input is Madrid/Barajas (~9 km NE of study area; open airport apron). Real Retiro (in/adjacent to study area) hourly data was sought and found unobtainable without account registration or payment - see docs/PHASE1_1_BASELINE_HARDENING.md Audit 1. Retiro's OFFICIAL daily max (40.0C, 21 Aug 2023) and monthly mean (28.0C, Aug 2023) are used as independent cross-checks: Barajas ran +0.5C warmer at daily-max and +0.11C warmer at monthly-mean for the same period, i.e. close regional agreement at daily/monthly scale, but hourly-scale agreement is NOT independently verified and must not be assumed at sub-daily resolution."
A03,Museo Thyssen-Bornemisza,indoor,2023-08-21T15:00:00+02:00,38.8,ELEVATED,0,point+50m radius (centroid),,,76.4,137.1,GOOD,FEASIBLE,,MEDIUM,,phase1.1-baseline-hardening-v1.1,"AEMET 08221 Madrid/Barajas (WMO) / AEMET indicativo 3129, ~9 km NE of study area","Hourly hazard input is Madrid/Barajas (~9 km NE of study area; open airport apron). Real Retiro (in/adjacent to study area) hourly data was sought and found unobtainable without account registration or payment - see docs/PHASE1_1_BASELINE_HARDENING.md Audit 1. Retiro's OFFICIAL daily max (40.0C, 21 Aug 2023) and monthly mean (28.0C, Aug 2023) are used as independent cross-checks: Barajas ran +0.5C warmer at daily-max and +0.11C warmer at monthly-mean for the same period, i.e. close regional agreement at daily/monthly scale, but hourly-scale agreement is NOT independently verified and must not be assumed at sub-daily resolution."
A03,Museo Thyssen-Bornemisza,indoor,2023-08-21T18:00:00+02:00,40.5,SEVERE,0,point+50m radius (centroid),,,76.4,137.1,GOOD,FEASIBLE WITH CONDITIONS,,LOW,,phase1.1-baseline-hardening-v1.1,"AEMET 08221 Madrid/Barajas (WMO) / AEMET indicativo 3129, ~9 km NE of study area","Hourly hazard input is Madrid/Barajas (~9 km NE of study area; open airport apron). Real Retiro (in/adjacent to study area) hourly data was sought and found unobtainable without account registration or payment - see docs/PHASE1_1_BASELINE_HARDENING.md Audit 1. Retiro's OFFICIAL daily max (40.0C, 21 Aug 2023) and monthly mean (28.0C, Aug 2023) are used as independent cross-checks: Barajas ran +0.5C warmer at daily-max and +0.11C warmer at monthly-mean for the same period, i.e. close regional agreement at daily/monthly scale, but hourly-scale agreement is NOT independently verified and must not be assumed at sub-daily resolution."
A04,CaixaForum Madrid,indoor,2023-08-21T12:00:00+02:00,34.2,LOW,0,point+50m radius (centroid),,,116.7,130.1,GOOD,FEASIBLE,,MEDIUM,,phase1.1-baseline-hardening-v1.1,"AEMET 08221 Madrid/Barajas (WMO) / AEMET indicativo 3129, ~9 km NE of study area","Hourly hazard input is Madrid/Barajas (~9 km NE of study area; open airport apron). Real Retiro (in/adjacent to study area) hourly data was sought and found unobtainable without account registration or payment - see docs/PHASE1_1_BASELINE_HARDENING.md Audit 1. Retiro's OFFICIAL daily max (40.0C, 21 Aug 2023) and monthly mean (28.0C, Aug 2023) are used as independent cross-checks: Barajas ran +0.5C warmer at daily-max and +0.11C warmer at monthly-mean for the same period, i.e. close regional agreement at daily/monthly scale, but hourly-scale agreement is NOT independently verified and must not be assumed at sub-daily resolution."
A04,CaixaForum Madrid,indoor,2023-08-21T15:00:00+02:00,38.8,ELEVATED,0,point+50m radius (centroid),,,116.7,130.1,GOOD,FEASIBLE,,MEDIUM,,phase1.1-baseline-hardening-v1.1,"AEMET 08221 Madrid/Barajas (WMO) / AEMET indicativo 3129, ~9 km NE of study area","Hourly hazard input is Madrid/Barajas (~9 km NE of study area; open airport apron). Real Retiro (in/adjacent to study area) hourly data was sought and found unobtainable without account registration or payment - see docs/PHASE1_1_BASELINE_HARDENING.md Audit 1. Retiro's OFFICIAL daily max (40.0C, 21 Aug 2023) and monthly mean (28.0C, Aug 2023) are used as independent cross-checks: Barajas ran +0.5C warmer at daily-max and +0.11C warmer at monthly-mean for the same period, i.e. close regional agreement at daily/monthly scale, but hourly-scale agreement is NOT independently verified and must not be assumed at sub-daily resolution."
A04,CaixaForum Madrid,indoor,2023-08-21T18:00:00+02:00,40.5,SEVERE,0,point+50m radius (centroid),,,116.7,130.1,GOOD,FEASIBLE WITH CONDITIONS,,LOW,,phase1.1-baseline-hardening-v1.1,"AEMET 08221 Madrid/Barajas (WMO) / AEMET indicativo 3129, ~9 km NE of study area","Hourly hazard input is Madrid/Barajas (~9 km NE of study area; open airport apron). Real Retiro (in/adjacent to study area) hourly data was sought and found unobtainable without account registration or payment - see docs/PHASE1_1_BASELINE_HARDENING.md Audit 1. Retiro's OFFICIAL daily max (40.0C, 21 Aug 2023) and monthly mean (28.0C, Aug 2023) are used as independent cross-checks: Barajas ran +0.5C warmer at daily-max and +0.11C warmer at monthly-mean for the same period, i.e. close regional agreement at daily/monthly scale, but hourly-scale agreement is NOT independently verified and must not be assumed at sub-daily resolution."
A05,Museo Naval de Madrid,indoor,2023-08-21T12:00:00+02:00,34.2,LOW,0,point+50m radius (centroid),,,132.5,101.1,GOOD,FEASIBLE,,MEDIUM,,phase1.1-baseline-hardening-v1.1,"AEMET 08221 Madrid/Barajas (WMO) / AEMET indicativo 3129, ~9 km NE of study area","Hourly hazard input is Madrid/Barajas (~9 km NE of study area; open airport apron). Real Retiro (in/adjacent to study area) hourly data was sought and found unobtainable without account registration or payment - see docs/PHASE1_1_BASELINE_HARDENING.md Audit 1. Retiro's OFFICIAL daily max (40.0C, 21 Aug 2023) and monthly mean (28.0C, Aug 2023) are used as independent cross-checks: Barajas ran +0.5C warmer at daily-max and +0.11C warmer at monthly-mean for the same period, i.e. close regional agreement at daily/monthly scale, but hourly-scale agreement is NOT independently verified and must not be assumed at sub-daily resolution."
A05,Museo Naval de Madrid,indoor,2023-08-21T15:00:00+02:00,38.8,ELEVATED,0,point+50m radius (centroid),,,132.5,101.1,GOOD,FEASIBLE,,MEDIUM,,phase1.1-baseline-hardening-v1.1,"AEMET 08221 Madrid/Barajas (WMO) / AEMET indicativo 3129, ~9 km NE of study area","Hourly hazard input is Madrid/Barajas (~9 km NE of study area; open airport apron). Real Retiro (in/adjacent to study area) hourly data was sought and found unobtainable without account registration or payment - see docs/PHASE1_1_BASELINE_HARDENING.md Audit 1. Retiro's OFFICIAL daily max (40.0C, 21 Aug 2023) and monthly mean (28.0C, Aug 2023) are used as independent cross-checks: Barajas ran +0.5C warmer at daily-max and +0.11C warmer at monthly-mean for the same period, i.e. close regional agreement at daily/monthly scale, but hourly-scale agreement is NOT independently verified and must not be assumed at sub-daily resolution."
A05,Museo Naval de Madrid,indoor,2023-08-21T18:00:00+02:00,40.5,SEVERE,0,point+50m radius (centroid),,,132.5,101.1,GOOD,FEASIBLE WITH CONDITIONS,,LOW,,phase1.1-baseline-hardening-v1.1,"AEMET 08221 Madrid/Barajas (WMO) / AEMET indicativo 3129, ~9 km NE of study area","Hourly hazard input is Madrid/Barajas (~9 km NE of study area; open airport apron). Real Retiro (in/adjacent to study area) hourly data was sought and found unobtainable without account registration or payment - see docs/PHASE1_1_BASELINE_HARDENING.md Audit 1. Retiro's OFFICIAL daily max (40.0C, 21 Aug 2023) and monthly mean (28.0C, Aug 2023) are used as independent cross-checks: Barajas ran +0.5C warmer at daily-max and +0.11C warmer at monthly-mean for the same period, i.e. close regional agreement at daily/monthly scale, but hourly-scale agreement is NOT independently verified and must not be assumed at sub-daily resolution."
A06,Museo Nacional de Antropología,indoor,2023-08-21T12:00:00+02:00,34.2,LOW,1,point+50m radius (centroid),,,267.7,27.4,LIMITED,FEASIBLE,,MEDIUM,,phase1.1-baseline-hardening-v1.1,"AEMET 08221 Madrid/Barajas (WMO) / AEMET indicativo 3129, ~9 km NE of study area","Hourly hazard input is Madrid/Barajas (~9 km NE of study area; open airport apron). Real Retiro (in/adjacent to study area) hourly data was sought and found unobtainable without account registration or payment - see docs/PHASE1_1_BASELINE_HARDENING.md Audit 1. Retiro's OFFICIAL daily max (40.0C, 21 Aug 2023) and monthly mean (28.0C, Aug 2023) are used as independent cross-checks: Barajas ran +0.5C warmer at daily-max and +0.11C warmer at monthly-mean for the same period, i.e. close regional agreement at daily/monthly scale, but hourly-scale agreement is NOT independently verified and must not be assumed at sub-daily resolution."
A06,Museo Nacional de Antropología,indoor,2023-08-21T15:00:00+02:00,38.8,ELEVATED,1,point+50m radius (centroid),,,267.7,27.4,LIMITED,FEASIBLE,,MEDIUM,,phase1.1-baseline-hardening-v1.1,"AEMET 08221 Madrid/Barajas (WMO) / AEMET indicativo 3129, ~9 km NE of study area","Hourly hazard input is Madrid/Barajas (~9 km NE of study area; open airport apron). Real Retiro (in/adjacent to study area) hourly data was sought and found unobtainable without account registration or payment - see docs/PHASE1_1_BASELINE_HARDENING.md Audit 1. Retiro's OFFICIAL daily max (40.0C, 21 Aug 2023) and monthly mean (28.0C, Aug 2023) are used as independent cross-checks: Barajas ran +0.5C warmer at daily-max and +0.11C warmer at monthly-mean for the same period, i.e. close regional agreement at daily/monthly scale, but hourly-scale agreement is NOT independently verified and must not be assumed at sub-daily resolution."
A06,Museo Nacional de Antropología,indoor,2023-08-21T18:00:00+02:00,40.5,SEVERE,1,point+50m radius (centroid),,,267.7,27.4,LIMITED,FEASIBLE WITH CONDITIONS,,LOW,,phase1.1-baseline-hardening-v1.1,"AEMET 08221 Madrid/Barajas (WMO) / AEMET indicativo 3129, ~9 km NE of study area","Hourly hazard input is Madrid/Barajas (~9 km NE of study area; open airport apron). Real Retiro (in/adjacent to study area) hourly data was sought and found unobtainable without account registration or payment - see docs/PHASE1_1_BASELINE_HARDENING.md Audit 1. Retiro's OFFICIAL daily max (40.0C, 21 Aug 2023) and monthly mean (28.0C, Aug 2023) are used as independent cross-checks: Barajas ran +0.5C warmer at daily-max and +0.11C warmer at monthly-mean for the same period, i.e. close regional agreement at daily/monthly scale, but hourly-scale agreement is NOT independently verified and must not be assumed at sub-daily resolution."
A07,Museo Nacional de Artes Decorativas,indoor,2023-08-21T12:00:00+02:00,34.2,LOW,5,point+50m radius (centroid),,,171.5,148.7,GOOD,FEASIBLE,,MEDIUM,,phase1.1-baseline-hardening-v1.1,"AEMET 08221 Madrid/Barajas (WMO) / AEMET indicativo 3129, ~9 km NE of study area","Hourly hazard input is Madrid/Barajas (~9 km NE of study area; open airport apron). Real Retiro (in/adjacent to study area) hourly data was sought and found unobtainable without account registration or payment - see docs/PHASE1_1_BASELINE_HARDENING.md Audit 1. Retiro's OFFICIAL daily max (40.0C, 21 Aug 2023) and monthly mean (28.0C, Aug 2023) are used as independent cross-checks: Barajas ran +0.5C warmer at daily-max and +0.11C warmer at monthly-mean for the same period, i.e. close regional agreement at daily/monthly scale, but hourly-scale agreement is NOT independently verified and must not be assumed at sub-daily resolution."
A07,Museo Nacional de Artes Decorativas,indoor,2023-08-21T15:00:00+02:00,38.8,ELEVATED,5,point+50m radius (centroid),,,171.5,148.7,GOOD,FEASIBLE,,MEDIUM,,phase1.1-baseline-hardening-v1.1,"AEMET 08221 Madrid/Barajas (WMO) / AEMET indicativo 3129, ~9 km NE of study area","Hourly hazard input is Madrid/Barajas (~9 km NE of study area; open airport apron). Real Retiro (in/adjacent to study area) hourly data was sought and found unobtainable without account registration or payment - see docs/PHASE1_1_BASELINE_HARDENING.md Audit 1. Retiro's OFFICIAL daily max (40.0C, 21 Aug 2023) and monthly mean (28.0C, Aug 2023) are used as independent cross-checks: Barajas ran +0.5C warmer at daily-max and +0.11C warmer at monthly-mean for the same period, i.e. close regional agreement at daily/monthly scale, but hourly-scale agreement is NOT independently verified and must not be assumed at sub-daily resolution."
A07,Museo Nacional de Artes Decorativas,indoor,2023-08-21T18:00:00+02:00,40.5,SEVERE,5,point+50m radius (centroid),,,171.5,148.7,GOOD,FEASIBLE WITH CONDITIONS,,LOW,,phase1.1-baseline-hardening-v1.1,"AEMET 08221 Madrid/Barajas (WMO) / AEMET indicativo 3129, ~9 km NE of study area","Hourly hazard input is Madrid/Barajas (~9 km NE of study area; open airport apron). Real Retiro (in/adjacent to study area) hourly data was sought and found unobtainable without account registration or payment - see docs/PHASE1_1_BASELINE_HARDENING.md Audit 1. Retiro's OFFICIAL daily max (40.0C, 21 Aug 2023) and monthly mean (28.0C, Aug 2023) are used as independent cross-checks: Barajas ran +0.5C warmer at daily-max and +0.11C warmer at monthly-mean for the same period, i.e. close regional agreement at daily/monthly scale, but hourly-scale agreement is NOT independently verified and must not be assumed at sub-daily resolution."
A08,Real Fábrica de Tapices,indoor,2023-08-21T12:00:00+02:00,34.2,LOW,0,point+50m radius (centroid),,,267.3,130.3,LIMITED,FEASIBLE,,MEDIUM,,phase1.1-baseline-hardening-v1.1,"AEMET 08221 Madrid/Barajas (WMO) / AEMET indicativo 3129, ~9 km NE of study area","Hourly hazard input is Madrid/Barajas (~9 km NE of study area; open airport apron). Real Retiro (in/adjacent to study area) hourly data was sought and found unobtainable without account registration or payment - see docs/PHASE1_1_BASELINE_HARDENING.md Audit 1. Retiro's OFFICIAL daily max (40.0C, 21 Aug 2023) and monthly mean (28.0C, Aug 2023) are used as independent cross-checks: Barajas ran +0.5C warmer at daily-max and +0.11C warmer at monthly-mean for the same period, i.e. close regional agreement at daily/monthly scale, but hourly-scale agreement is NOT independently verified and must not be assumed at sub-daily resolution."
A08,Real Fábrica de Tapices,indoor,2023-08-21T15:00:00+02:00,38.8,ELEVATED,0,point+50m radius (centroid),,,267.3,130.3,LIMITED,FEASIBLE,,MEDIUM,,phase1.1-baseline-hardening-v1.1,"AEMET 08221 Madrid/Barajas (WMO) / AEMET indicativo 3129, ~9 km NE of study area","Hourly hazard input is Madrid/Barajas (~9 km NE of study area; open airport apron). Real Retiro (in/adjacent to study area) hourly data was sought and found unobtainable without account registration or payment - see docs/PHASE1_1_BASELINE_HARDENING.md Audit 1. Retiro's OFFICIAL daily max (40.0C, 21 Aug 2023) and monthly mean (28.0C, Aug 2023) are used as independent cross-checks: Barajas ran +0.5C warmer at daily-max and +0.11C warmer at monthly-mean for the same period, i.e. close regional agreement at daily/monthly scale, but hourly-scale agreement is NOT independently verified and must not be assumed at sub-daily resolution."
A08,Real Fábrica de Tapices,indoor,2023-08-21T18:00:00+02:00,40.5,SEVERE,0,point+50m radius (centroid),,,267.3,130.3,LIMITED,FEASIBLE WITH CONDITIONS,,LOW,,phase1.1-baseline-hardening-v1.1,"AEMET 08221 Madrid/Barajas (WMO) / AEMET indicativo 3129, ~9 km NE of study area","Hourly hazard input is Madrid/Barajas (~9 km NE of study area; open airport apron). Real Retiro (in/adjacent to study area) hourly data was sought and found unobtainable without account registration or payment - see docs/PHASE1_1_BASELINE_HARDENING.md Audit 1. Retiro's OFFICIAL daily max (40.0C, 21 Aug 2023) and monthly mean (28.0C, Aug 2023) are used as independent cross-checks: Barajas ran +0.5C warmer at daily-max and +0.11C warmer at monthly-mean for the same period, i.e. close regional agreement at daily/monthly scale, but hourly-scale agreement is NOT independently verified and must not be assumed at sub-daily resolution."
A09,Madrid-Puerta de Atocha-Almudena Grandes,indoor,2023-08-21T12:00:00+02:00,34.2,LOW,0,point+50m radius (centroid),,,232.8,0.0,GOOD,FEASIBLE,,MEDIUM,,phase1.1-baseline-hardening-v1.1,"AEMET 08221 Madrid/Barajas (WMO) / AEMET indicativo 3129, ~9 km NE of study area","Hourly hazard input is Madrid/Barajas (~9 km NE of study area; open airport apron). Real Retiro (in/adjacent to study area) hourly data was sought and found unobtainable without account registration or payment - see docs/PHASE1_1_BASELINE_HARDENING.md Audit 1. Retiro's OFFICIAL daily max (40.0C, 21 Aug 2023) and monthly mean (28.0C, Aug 2023) are used as independent cross-checks: Barajas ran +0.5C warmer at daily-max and +0.11C warmer at monthly-mean for the same period, i.e. close regional agreement at daily/monthly scale, but hourly-scale agreement is NOT independently verified and must not be assumed at sub-daily resolution."
A09,Madrid-Puerta de Atocha-Almudena Grandes,indoor,2023-08-21T15:00:00+02:00,38.8,ELEVATED,0,point+50m radius (centroid),,,232.8,0.0,GOOD,FEASIBLE,,MEDIUM,,phase1.1-baseline-hardening-v1.1,"AEMET 08221 Madrid/Barajas (WMO) / AEMET indicativo 3129, ~9 km NE of study area","Hourly hazard input is Madrid/Barajas (~9 km NE of study area; open airport apron). Real Retiro (in/adjacent to study area) hourly data was sought and found unobtainable without account registration or payment - see docs/PHASE1_1_BASELINE_HARDENING.md Audit 1. Retiro's OFFICIAL daily max (40.0C, 21 Aug 2023) and monthly mean (28.0C, Aug 2023) are used as independent cross-checks: Barajas ran +0.5C warmer at daily-max and +0.11C warmer at monthly-mean for the same period, i.e. close regional agreement at daily/monthly scale, but hourly-scale agreement is NOT independently verified and must not be assumed at sub-daily resolution."
A09,Madrid-Puerta de Atocha-Almudena Grandes,indoor,2023-08-21T18:00:00+02:00,40.5,SEVERE,0,point+50m radius (centroid),,,232.8,0.0,GOOD,FEASIBLE WITH CONDITIONS,,LOW,,phase1.1-baseline-hardening-v1.1,"AEMET 08221 Madrid/Barajas (WMO) / AEMET indicativo 3129, ~9 km NE of study area","Hourly hazard input is Madrid/Barajas (~9 km NE of study area; open airport apron). Real Retiro (in/adjacent to study area) hourly data was sought and found unobtainable without account registration or payment - see docs/PHASE1_1_BASELINE_HARDENING.md Audit 1. Retiro's OFFICIAL daily max (40.0C, 21 Aug 2023) and monthly mean (28.0C, Aug 2023) are used as independent cross-checks: Barajas ran +0.5C warmer at daily-max and +0.11C warmer at monthly-mean for the same period, i.e. close regional agreement at daily/monthly scale, but hourly-scale agreement is NOT independently verified and must not be assumed at sub-daily resolution."
A10,Estación del Arte,indoor,2023-08-21T12:00:00+02:00,34.2,LOW,3,point+50m radius (centroid),,,48.7,0.0,GOOD,FEASIBLE,,MEDIUM,,phase1.1-baseline-hardening-v1.1,"AEMET 08221 Madrid/Barajas (WMO) / AEMET indicativo 3129, ~9 km NE of study area","Hourly hazard input is Madrid/Barajas (~9 km NE of study area; open airport apron). Real Retiro (in/adjacent to study area) hourly data was sought and found unobtainable without account registration or payment - see docs/PHASE1_1_BASELINE_HARDENING.md Audit 1. Retiro's OFFICIAL daily max (40.0C, 21 Aug 2023) and monthly mean (28.0C, Aug 2023) are used as independent cross-checks: Barajas ran +0.5C warmer at daily-max and +0.11C warmer at monthly-mean for the same period, i.e. close regional agreement at daily/monthly scale, but hourly-scale agreement is NOT independently verified and must not be assumed at sub-daily resolution."
A10,Estación del Arte,indoor,2023-08-21T15:00:00+02:00,38.8,ELEVATED,3,point+50m radius (centroid),,,48.7,0.0,GOOD,FEASIBLE,,MEDIUM,,phase1.1-baseline-hardening-v1.1,"AEMET 08221 Madrid/Barajas (WMO) / AEMET indicativo 3129, ~9 km NE of study area","Hourly hazard input is Madrid/Barajas (~9 km NE of study area; open airport apron). Real Retiro (in/adjacent to study area) hourly data was sought and found unobtainable without account registration or payment - see docs/PHASE1_1_BASELINE_HARDENING.md Audit 1. Retiro's OFFICIAL daily max (40.0C, 21 Aug 2023) and monthly mean (28.0C, Aug 2023) are used as independent cross-checks: Barajas ran +0.5C warmer at daily-max and +0.11C warmer at monthly-mean for the same period, i.e. close regional agreement at daily/monthly scale, but hourly-scale agreement is NOT independently verified and must not be assumed at sub-daily resolution."
A10,Estación del Arte,indoor,2023-08-21T18:00:00+02:00,40.5,SEVERE,3,point+50m radius (centroid),,,48.7,0.0,GOOD,FEASIBLE WITH CONDITIONS,,LOW,,phase1.1-baseline-hardening-v1.1,"AEMET 08221 Madrid/Barajas (WMO) / AEMET indicativo 3129, ~9 km NE of study area","Hourly hazard input is Madrid/Barajas (~9 km NE of study area; open airport apron). Real Retiro (in/adjacent to study area) hourly data was sought and found unobtainable without account registration or payment - see docs/PHASE1_1_BASELINE_HARDENING.md Audit 1. Retiro's OFFICIAL daily max (40.0C, 21 Aug 2023) and monthly mean (28.0C, Aug 2023) are used as independent cross-checks: Barajas ran +0.5C warmer at daily-max and +0.11C warmer at monthly-mean for the same period, i.e. close regional agreement at daily/monthly scale, but hourly-scale agreement is NOT independently verified and must not be assumed at sub-daily resolution."
A11,Retiro,indoor,2023-08-21T12:00:00+02:00,34.2,LOW,0,point+50m radius (centroid),,,43.5,0.0,GOOD,FEASIBLE,,MEDIUM,,phase1.1-baseline-hardening-v1.1,"AEMET 08221 Madrid/Barajas (WMO) / AEMET indicativo 3129, ~9 km NE of study area","Hourly hazard input is Madrid/Barajas (~9 km NE of study area; open airport apron). Real Retiro (in/adjacent to study area) hourly data was sought and found unobtainable without account registration or payment - see docs/PHASE1_1_BASELINE_HARDENING.md Audit 1. Retiro's OFFICIAL daily max (40.0C, 21 Aug 2023) and monthly mean (28.0C, Aug 2023) are used as independent cross-checks: Barajas ran +0.5C warmer at daily-max and +0.11C warmer at monthly-mean for the same period, i.e. close regional agreement at daily/monthly scale, but hourly-scale agreement is NOT independently verified and must not be assumed at sub-daily resolution."
A11,Retiro,indoor,2023-08-21T15:00:00+02:00,38.8,ELEVATED,0,point+50m radius (centroid),,,43.5,0.0,GOOD,FEASIBLE,,MEDIUM,,phase1.1-baseline-hardening-v1.1,"AEMET 08221 Madrid/Barajas (WMO) / AEMET indicativo 3129, ~9 km NE of study area","Hourly hazard input is Madrid/Barajas (~9 km NE of study area; open airport apron). Real Retiro (in/adjacent to study area) hourly data was sought and found unobtainable without account registration or payment - see docs/PHASE1_1_BASELINE_HARDENING.md Audit 1. Retiro's OFFICIAL daily max (40.0C, 21 Aug 2023) and monthly mean (28.0C, Aug 2023) are used as independent cross-checks: Barajas ran +0.5C warmer at daily-max and +0.11C warmer at monthly-mean for the same period, i.e. close regional agreement at daily/monthly scale, but hourly-scale agreement is NOT independently verified and must not be assumed at sub-daily resolution."
A11,Retiro,indoor,2023-08-21T18:00:00+02:00,40.5,SEVERE,0,point+50m radius (centroid),,,43.5,0.0,GOOD,FEASIBLE WITH CONDITIONS,,LOW,,phase1.1-baseline-hardening-v1.1,"AEMET 08221 Madrid/Barajas (WMO) / AEMET indicativo 3129, ~9 km NE of study area","Hourly hazard input is Madrid/Barajas (~9 km NE of study area; open airport apron). Real Retiro (in/adjacent to study area) hourly data was sought and found unobtainable without account registration or payment - see docs/PHASE1_1_BASELINE_HARDENING.md Audit 1. Retiro's OFFICIAL daily max (40.0C, 21 Aug 2023) and monthly mean (28.0C, Aug 2023) are used as independent cross-checks: Barajas ran +0.5C warmer at daily-max and +0.11C warmer at monthly-mean for the same period, i.e. close regional agreement at daily/monthly scale, but hourly-scale agreement is NOT independently verified and must not be assumed at sub-daily resolution."
A12,Banco de España,indoor,2023-08-21T12:00:00+02:00,34.2,LOW,30,point+50m radius (centroid),,,19.4,0.0,GOOD,FEASIBLE,,MEDIUM,,phase1.1-baseline-hardening-v1.1,"AEMET 08221 Madrid/Barajas (WMO) / AEMET indicativo 3129, ~9 km NE of study area","Hourly hazard input is Madrid/Barajas (~9 km NE of study area; open airport apron). Real Retiro (in/adjacent to study area) hourly data was sought and found unobtainable without account registration or payment - see docs/PHASE1_1_BASELINE_HARDENING.md Audit 1. Retiro's OFFICIAL daily max (40.0C, 21 Aug 2023) and monthly mean (28.0C, Aug 2023) are used as independent cross-checks: Barajas ran +0.5C warmer at daily-max and +0.11C warmer at monthly-mean for the same period, i.e. close regional agreement at daily/monthly scale, but hourly-scale agreement is NOT independently verified and must not be assumed at sub-daily resolution."
A12,Banco de España,indoor,2023-08-21T15:00:00+02:00,38.8,ELEVATED,30,point+50m radius (centroid),,,19.4,0.0,GOOD,FEASIBLE,,MEDIUM,,phase1.1-baseline-hardening-v1.1,"AEMET 08221 Madrid/Barajas (WMO) / AEMET indicativo 3129, ~9 km NE of study area","Hourly hazard input is Madrid/Barajas (~9 km NE of study area; open airport apron). Real Retiro (in/adjacent to study area) hourly data was sought and found unobtainable without account registration or payment - see docs/PHASE1_1_BASELINE_HARDENING.md Audit 1. Retiro's OFFICIAL daily max (40.0C, 21 Aug 2023) and monthly mean (28.0C, Aug 2023) are used as independent cross-checks: Barajas ran +0.5C warmer at daily-max and +0.11C warmer at monthly-mean for the same period, i.e. close regional agreement at daily/monthly scale, but hourly-scale agreement is NOT independently verified and must not be assumed at sub-daily resolution."
A12,Banco de España,indoor,2023-08-21T18:00:00+02:00,40.5,SEVERE,30,point+50m radius (centroid),,,19.4,0.0,GOOD,FEASIBLE WITH CONDITIONS,,LOW,,phase1.1-baseline-hardening-v1.1,"AEMET 08221 Madrid/Barajas (WMO) / AEMET indicativo 3129, ~9 km NE of study area","Hourly hazard input is Madrid/Barajas (~9 km NE of study area; open airport apron). Real Retiro (in/adjacent to study area) hourly data was sought and found unobtainable without account registration or payment - see docs/PHASE1_1_BASELINE_HARDENING.md Audit 1. Retiro's OFFICIAL daily max (40.0C, 21 Aug 2023) and monthly mean (28.0C, Aug 2023) are used as independent cross-checks: Barajas ran +0.5C warmer at daily-max and +0.11C warmer at monthly-mean for the same period, i.e. close regional agreement at daily/monthly scale, but hourly-scale agreement is NOT independently verified and must not be assumed at sub-daily resolution."
A13,Jardín Tropical,indoor,2023-08-21T12:00:00+02:00,34.2,LOW,0,point+50m radius (centroid),,,184.2,96.3,GOOD,FEASIBLE,,MEDIUM,,phase1.1-baseline-hardening-v1.1,"AEMET 08221 Madrid/Barajas (WMO) / AEMET indicativo 3129, ~9 km NE of study area","Hourly hazard input is Madrid/Barajas (~9 km NE of study area; open airport apron). Real Retiro (in/adjacent to study area) hourly data was sought and found unobtainable without account registration or payment - see docs/PHASE1_1_BASELINE_HARDENING.md Audit 1. Retiro's OFFICIAL daily max (40.0C, 21 Aug 2023) and monthly mean (28.0C, Aug 2023) are used as independent cross-checks: Barajas ran +0.5C warmer at daily-max and +0.11C warmer at monthly-mean for the same period, i.e. close regional agreement at daily/monthly scale, but hourly-scale agreement is NOT independently verified and must not be assumed at sub-daily resolution."
A13,Jardín Tropical,indoor,2023-08-21T15:00:00+02:00,38.8,ELEVATED,0,point+50m radius (centroid),,,184.2,96.3,GOOD,FEASIBLE,,MEDIUM,,phase1.1-baseline-hardening-v1.1,"AEMET 08221 Madrid/Barajas (WMO) / AEMET indicativo 3129, ~9 km NE of study area","Hourly hazard input is Madrid/Barajas (~9 km NE of study area; open airport apron). Real Retiro (in/adjacent to study area) hourly data was sought and found unobtainable without account registration or payment - see docs/PHASE1_1_BASELINE_HARDENING.md Audit 1. Retiro's OFFICIAL daily max (40.0C, 21 Aug 2023) and monthly mean (28.0C, Aug 2023) are used as independent cross-checks: Barajas ran +0.5C warmer at daily-max and +0.11C warmer at monthly-mean for the same period, i.e. close regional agreement at daily/monthly scale, but hourly-scale agreement is NOT independently verified and must not be assumed at sub-daily resolution."
A13,Jardín Tropical,indoor,2023-08-21T18:00:00+02:00,40.5,SEVERE,0,point+50m radius (centroid),,,184.2,96.3,GOOD,FEASIBLE WITH CONDITIONS,,LOW,,phase1.1-baseline-hardening-v1.1,"AEMET 08221 Madrid/Barajas (WMO) / AEMET indicativo 3129, ~9 km NE of study area","Hourly hazard input is Madrid/Barajas (~9 km NE of study area; open airport apron). Real Retiro (in/adjacent to study area) hourly data was sought and found unobtainable without account registration or payment - see docs/PHASE1_1_BASELINE_HARDENING.md Audit 1. Retiro's OFFICIAL daily max (40.0C, 21 Aug 2023) and monthly mean (28.0C, Aug 2023) are used as independent cross-checks: Barajas ran +0.5C warmer at daily-max and +0.11C warmer at monthly-mean for the same period, i.e. close regional agreement at daily/monthly scale, but hourly-scale agreement is NOT independently verified and must not be assumed at sub-daily resolution."
A14,Puerta de Alcalá,outdoor,2023-08-21T12:00:00+02:00,34.2,LOW,0,point+50m radius (centroid),HIGH,,100.1,58.0,GOOD,FEASIBLE WITH CONDITIONS,,MEDIUM,,phase1.1-baseline-hardening-v1.1,"AEMET 08221 Madrid/Barajas (WMO) / AEMET indicativo 3129, ~9 km NE of study area","Hourly hazard input is Madrid/Barajas (~9 km NE of study area; open airport apron). Real Retiro (in/adjacent to study area) hourly data was sought and found unobtainable without account registration or payment - see docs/PHASE1_1_BASELINE_HARDENING.md Audit 1. Retiro's OFFICIAL daily max (40.0C, 21 Aug 2023) and monthly mean (28.0C, Aug 2023) are used as independent cross-checks: Barajas ran +0.5C warmer at daily-max and +0.11C warmer at monthly-mean for the same period, i.e. close regional agreement at daily/monthly scale, but hourly-scale agreement is NOT independently verified and must not be assumed at sub-daily resolution."
A14,Puerta de Alcalá,outdoor,2023-08-21T15:00:00+02:00,38.8,ELEVATED,0,point+50m radius (centroid),HIGH,,100.1,58.0,GOOD,FEASIBLE WITH CONDITIONS,,MEDIUM,,phase1.1-baseline-hardening-v1.1,"AEMET 08221 Madrid/Barajas (WMO) / AEMET indicativo 3129, ~9 km NE of study area","Hourly hazard input is Madrid/Barajas (~9 km NE of study area; open airport apron). Real Retiro (in/adjacent to study area) hourly data was sought and found unobtainable without account registration or payment - see docs/PHASE1_1_BASELINE_HARDENING.md Audit 1. Retiro's OFFICIAL daily max (40.0C, 21 Aug 2023) and monthly mean (28.0C, Aug 2023) are used as independent cross-checks: Barajas ran +0.5C warmer at daily-max and +0.11C warmer at monthly-mean for the same period, i.e. close regional agreement at daily/monthly scale, but hourly-scale agreement is NOT independently verified and must not be assumed at sub-daily resolution."
A14,Puerta de Alcalá,outdoor,2023-08-21T18:00:00+02:00,40.5,SEVERE,0,point+50m radius (centroid),HIGH,,100.1,58.0,GOOD,NOT RECOMMENDED,"orange-level regional heat warning (39-42C) combined with low measured tree density at this site (bottom tercile of pilot sample, i.e. poor on-site shade)",MEDIUM,,phase1.1-baseline-hardening-v1.1,"AEMET 08221 Madrid/Barajas (WMO) / AEMET indicativo 3129, ~9 km NE of study area","Hourly hazard input is Madrid/Barajas (~9 km NE of study area; open airport apron). Real Retiro (in/adjacent to study area) hourly data was sought and found unobtainable without account registration or payment - see docs/PHASE1_1_BASELINE_HARDENING.md Audit 1. Retiro's OFFICIAL daily max (40.0C, 21 Aug 2023) and monthly mean (28.0C, Aug 2023) are used as independent cross-checks: Barajas ran +0.5C warmer at daily-max and +0.11C warmer at monthly-mean for the same period, i.e. close regional agreement at daily/monthly scale, but hourly-scale agreement is NOT independently verified and must not be assumed at sub-daily resolution."
A15,Fuente de Cibeles,outdoor,2023-08-21T12:00:00+02:00,34.2,LOW,0,point+50m radius (centroid),HIGH,,0.0,40.4,GOOD,FEASIBLE WITH CONDITIONS,,MEDIUM,,phase1.1-baseline-hardening-v1.1,"AEMET 08221 Madrid/Barajas (WMO) / AEMET indicativo 3129, ~9 km NE of study area","Hourly hazard input is Madrid/Barajas (~9 km NE of study area; open airport apron). Real Retiro (in/adjacent to study area) hourly data was sought and found unobtainable without account registration or payment - see docs/PHASE1_1_BASELINE_HARDENING.md Audit 1. Retiro's OFFICIAL daily max (40.0C, 21 Aug 2023) and monthly mean (28.0C, Aug 2023) are used as independent cross-checks: Barajas ran +0.5C warmer at daily-max and +0.11C warmer at monthly-mean for the same period, i.e. close regional agreement at daily/monthly scale, but hourly-scale agreement is NOT independently verified and must not be assumed at sub-daily resolution."
A15,Fuente de Cibeles,outdoor,2023-08-21T15:00:00+02:00,38.8,ELEVATED,0,point+50m radius (centroid),HIGH,,0.0,40.4,GOOD,FEASIBLE WITH CONDITIONS,,MEDIUM,,phase1.1-baseline-hardening-v1.1,"AEMET 08221 Madrid/Barajas (WMO) / AEMET indicativo 3129, ~9 km NE of study area","Hourly hazard input is Madrid/Barajas (~9 km NE of study area; open airport apron). Real Retiro (in/adjacent to study area) hourly data was sought and found unobtainable without account registration or payment - see docs/PHASE1_1_BASELINE_HARDENING.md Audit 1. Retiro's OFFICIAL daily max (40.0C, 21 Aug 2023) and monthly mean (28.0C, Aug 2023) are used as independent cross-checks: Barajas ran +0.5C warmer at daily-max and +0.11C warmer at monthly-mean for the same period, i.e. close regional agreement at daily/monthly scale, but hourly-scale agreement is NOT independently verified and must not be assumed at sub-daily resolution."
A15,Fuente de Cibeles,outdoor,2023-08-21T18:00:00+02:00,40.5,SEVERE,0,point+50m radius (centroid),HIGH,,0.0,40.4,GOOD,NOT RECOMMENDED,"orange-level regional heat warning (39-42C) combined with low measured tree density at this site (bottom tercile of pilot sample, i.e. poor on-site shade)",MEDIUM,,phase1.1-baseline-hardening-v1.1,"AEMET 08221 Madrid/Barajas (WMO) / AEMET indicativo 3129, ~9 km NE of study area","Hourly hazard input is Madrid/Barajas (~9 km NE of study area; open airport apron). Real Retiro (in/adjacent to study area) hourly data was sought and found unobtainable without account registration or payment - see docs/PHASE1_1_BASELINE_HARDENING.md Audit 1. Retiro's OFFICIAL daily max (40.0C, 21 Aug 2023) and monthly mean (28.0C, Aug 2023) are used as independent cross-checks: Barajas ran +0.5C warmer at daily-max and +0.11C warmer at monthly-mean for the same period, i.e. close regional agreement at daily/monthly scale, but hourly-scale agreement is NOT independently verified and must not be assumed at sub-daily resolution."
A16,Fuente de Neptuno,outdoor,2023-08-21T12:00:00+02:00,34.2,LOW,0,point+50m radius (centroid),HIGH,,0.6,48.9,GOOD,FEASIBLE WITH CONDITIONS,,MEDIUM,,phase1.1-baseline-hardening-v1.1,"AEMET 08221 Madrid/Barajas (WMO) / AEMET indicativo 3129, ~9 km NE of study area","Hourly hazard input is Madrid/Barajas (~9 km NE of study area; open airport apron). Real Retiro (in/adjacent to study area) hourly data was sought and found unobtainable without account registration or payment - see docs/PHASE1_1_BASELINE_HARDENING.md Audit 1. Retiro's OFFICIAL daily max (40.0C, 21 Aug 2023) and monthly mean (28.0C, Aug 2023) are used as independent cross-checks: Barajas ran +0.5C warmer at daily-max and +0.11C warmer at monthly-mean for the same period, i.e. close regional agreement at daily/monthly scale, but hourly-scale agreement is NOT independently verified and must not be assumed at sub-daily resolution."
A16,Fuente de Neptuno,outdoor,2023-08-21T15:00:00+02:00,38.8,ELEVATED,0,point+50m radius (centroid),HIGH,,0.6,48.9,GOOD,FEASIBLE WITH CONDITIONS,,MEDIUM,,phase1.1-baseline-hardening-v1.1,"AEMET 08221 Madrid/Barajas (WMO) / AEMET indicativo 3129, ~9 km NE of study area","Hourly hazard input is Madrid/Barajas (~9 km NE of study area; open airport apron). Real Retiro (in/adjacent to study area) hourly data was sought and found unobtainable without account registration or payment - see docs/PHASE1_1_BASELINE_HARDENING.md Audit 1. Retiro's OFFICIAL daily max (40.0C, 21 Aug 2023) and monthly mean (28.0C, Aug 2023) are used as independent cross-checks: Barajas ran +0.5C warmer at daily-max and +0.11C warmer at monthly-mean for the same period, i.e. close regional agreement at daily/monthly scale, but hourly-scale agreement is NOT independently verified and must not be assumed at sub-daily resolution."
A16,Fuente de Neptuno,outdoor,2023-08-21T18:00:00+02:00,40.5,SEVERE,0,point+50m radius (centroid),HIGH,,0.6,48.9,GOOD,NOT RECOMMENDED,"orange-level regional heat warning (39-42C) combined with low measured tree density at this site (bottom tercile of pilot sample, i.e. poor on-site shade)",MEDIUM,,phase1.1-baseline-hardening-v1.1,"AEMET 08221 Madrid/Barajas (WMO) / AEMET indicativo 3129, ~9 km NE of study area","Hourly hazard input is Madrid/Barajas (~9 km NE of study area; open airport apron). Real Retiro (in/adjacent to study area) hourly data was sought and found unobtainable without account registration or payment - see docs/PHASE1_1_BASELINE_HARDENING.md Audit 1. Retiro's OFFICIAL daily max (40.0C, 21 Aug 2023) and monthly mean (28.0C, Aug 2023) are used as independent cross-checks: Barajas ran +0.5C warmer at daily-max and +0.11C warmer at monthly-mean for the same period, i.e. close regional agreement at daily/monthly scale, but hourly-scale agreement is NOT independently verified and must not be assumed at sub-daily resolution."
A17,Estatua de Goya,outdoor,2023-08-21T12:00:00+02:00,34.2,LOW,13,point+50m radius (centroid),LOW,,37.0,87.3,GOOD,FEASIBLE,,MEDIUM,,phase1.1-baseline-hardening-v1.1,"AEMET 08221 Madrid/Barajas (WMO) / AEMET indicativo 3129, ~9 km NE of study area","Hourly hazard input is Madrid/Barajas (~9 km NE of study area; open airport apron). Real Retiro (in/adjacent to study area) hourly data was sought and found unobtainable without account registration or payment - see docs/PHASE1_1_BASELINE_HARDENING.md Audit 1. Retiro's OFFICIAL daily max (40.0C, 21 Aug 2023) and monthly mean (28.0C, Aug 2023) are used as independent cross-checks: Barajas ran +0.5C warmer at daily-max and +0.11C warmer at monthly-mean for the same period, i.e. close regional agreement at daily/monthly scale, but hourly-scale agreement is NOT independently verified and must not be assumed at sub-daily resolution."
A17,Estatua de Goya,outdoor,2023-08-21T15:00:00+02:00,38.8,ELEVATED,13,point+50m radius (centroid),LOW,,37.0,87.3,GOOD,FEASIBLE WITH CONDITIONS,,MEDIUM,,phase1.1-baseline-hardening-v1.1,"AEMET 08221 Madrid/Barajas (WMO) / AEMET indicativo 3129, ~9 km NE of study area","Hourly hazard input is Madrid/Barajas (~9 km NE of study area; open airport apron). Real Retiro (in/adjacent to study area) hourly data was sought and found unobtainable without account registration or payment - see docs/PHASE1_1_BASELINE_HARDENING.md Audit 1. Retiro's OFFICIAL daily max (40.0C, 21 Aug 2023) and monthly mean (28.0C, Aug 2023) are used as independent cross-checks: Barajas ran +0.5C warmer at daily-max and +0.11C warmer at monthly-mean for the same period, i.e. close regional agreement at daily/monthly scale, but hourly-scale agreement is NOT independently verified and must not be assumed at sub-daily resolution."
A17,Estatua de Goya,outdoor,2023-08-21T18:00:00+02:00,40.5,SEVERE,13,point+50m radius (centroid),LOW,,37.0,87.3,GOOD,FEASIBLE WITH CONDITIONS,,MEDIUM,,phase1.1-baseline-hardening-v1.1,"AEMET 08221 Madrid/Barajas (WMO) / AEMET indicativo 3129, ~9 km NE of study area","Hourly hazard input is Madrid/Barajas (~9 km NE of study area; open airport apron). Real Retiro (in/adjacent to study area) hourly data was sought and found unobtainable without account registration or payment - see docs/PHASE1_1_BASELINE_HARDENING.md Audit 1. Retiro's OFFICIAL daily max (40.0C, 21 Aug 2023) and monthly mean (28.0C, Aug 2023) are used as independent cross-checks: Barajas ran +0.5C warmer at daily-max and +0.11C warmer at monthly-mean for the same period, i.e. close regional agreement at daily/monthly scale, but hourly-scale agreement is NOT independently verified and must not be assumed at sub-daily resolution."
A18,Palacio de Cibeles - Ayuntamiento de Madrid,outdoor,2023-08-21T12:00:00+02:00,34.2,LOW,3,point+50m radius (centroid),MODERATE,,64.1,63.0,GOOD,FEASIBLE,,MEDIUM,,phase1.1-baseline-hardening-v1.1,"AEMET 08221 Madrid/Barajas (WMO) / AEMET indicativo 3129, ~9 km NE of study area","Hourly hazard input is Madrid/Barajas (~9 km NE of study area; open airport apron). Real Retiro (in/adjacent to study area) hourly data was sought and found unobtainable without account registration or payment - see docs/PHASE1_1_BASELINE_HARDENING.md Audit 1. Retiro's OFFICIAL daily max (40.0C, 21 Aug 2023) and monthly mean (28.0C, Aug 2023) are used as independent cross-checks: Barajas ran +0.5C warmer at daily-max and +0.11C warmer at monthly-mean for the same period, i.e. close regional agreement at daily/monthly scale, but hourly-scale agreement is NOT independently verified and must not be assumed at sub-daily resolution."
A18,Palacio de Cibeles - Ayuntamiento de Madrid,outdoor,2023-08-21T15:00:00+02:00,38.8,ELEVATED,3,point+50m radius (centroid),MODERATE,,64.1,63.0,GOOD,FEASIBLE WITH CONDITIONS,,MEDIUM,,phase1.1-baseline-hardening-v1.1,"AEMET 08221 Madrid/Barajas (WMO) / AEMET indicativo 3129, ~9 km NE of study area","Hourly hazard input is Madrid/Barajas (~9 km NE of study area; open airport apron). Real Retiro (in/adjacent to study area) hourly data was sought and found unobtainable without account registration or payment - see docs/PHASE1_1_BASELINE_HARDENING.md Audit 1. Retiro's OFFICIAL daily max (40.0C, 21 Aug 2023) and monthly mean (28.0C, Aug 2023) are used as independent cross-checks: Barajas ran +0.5C warmer at daily-max and +0.11C warmer at monthly-mean for the same period, i.e. close regional agreement at daily/monthly scale, but hourly-scale agreement is NOT independently verified and must not be assumed at sub-daily resolution."
A18,Palacio de Cibeles - Ayuntamiento de Madrid,outdoor,2023-08-21T18:00:00+02:00,40.5,SEVERE,3,point+50m radius (centroid),MODERATE,,64.1,63.0,GOOD,FEASIBLE WITH CONDITIONS,,MEDIUM,,phase1.1-baseline-hardening-v1.1,"AEMET 08221 Madrid/Barajas (WMO) / AEMET indicativo 3129, ~9 km NE of study area","Hourly hazard input is Madrid/Barajas (~9 km NE of study area; open airport apron). Real Retiro (in/adjacent to study area) hourly data was sought and found unobtainable without account registration or payment - see docs/PHASE1_1_BASELINE_HARDENING.md Audit 1. Retiro's OFFICIAL daily max (40.0C, 21 Aug 2023) and monthly mean (28.0C, Aug 2023) are used as independent cross-checks: Barajas ran +0.5C warmer at daily-max and +0.11C warmer at monthly-mean for the same period, i.e. close regional agreement at daily/monthly scale, but hourly-scale agreement is NOT independently verified and must not be assumed at sub-daily resolution."
A19,Real Observatorio de Madrid,outdoor,2023-08-21T12:00:00+02:00,34.2,LOW,0,point+50m radius (centroid),HIGH,,183.5,133.5,GOOD,FEASIBLE WITH CONDITIONS,,MEDIUM,,phase1.1-baseline-hardening-v1.1,"AEMET 08221 Madrid/Barajas (WMO) / AEMET indicativo 3129, ~9 km NE of study area","Hourly hazard input is Madrid/Barajas (~9 km NE of study area; open airport apron). Real Retiro (in/adjacent to study area) hourly data was sought and found unobtainable without account registration or payment - see docs/PHASE1_1_BASELINE_HARDENING.md Audit 1. Retiro's OFFICIAL daily max (40.0C, 21 Aug 2023) and monthly mean (28.0C, Aug 2023) are used as independent cross-checks: Barajas ran +0.5C warmer at daily-max and +0.11C warmer at monthly-mean for the same period, i.e. close regional agreement at daily/monthly scale, but hourly-scale agreement is NOT independently verified and must not be assumed at sub-daily resolution."
A19,Real Observatorio de Madrid,outdoor,2023-08-21T15:00:00+02:00,38.8,ELEVATED,0,point+50m radius (centroid),HIGH,,183.5,133.5,GOOD,FEASIBLE WITH CONDITIONS,,MEDIUM,,phase1.1-baseline-hardening-v1.1,"AEMET 08221 Madrid/Barajas (WMO) / AEMET indicativo 3129, ~9 km NE of study area","Hourly hazard input is Madrid/Barajas (~9 km NE of study area; open airport apron). Real Retiro (in/adjacent to study area) hourly data was sought and found unobtainable without account registration or payment - see docs/PHASE1_1_BASELINE_HARDENING.md Audit 1. Retiro's OFFICIAL daily max (40.0C, 21 Aug 2023) and monthly mean (28.0C, Aug 2023) are used as independent cross-checks: Barajas ran +0.5C warmer at daily-max and +0.11C warmer at monthly-mean for the same period, i.e. close regional agreement at daily/monthly scale, but hourly-scale agreement is NOT independently verified and must not be assumed at sub-daily resolution."
A19,Real Observatorio de Madrid,outdoor,2023-08-21T18:00:00+02:00,40.5,SEVERE,0,point+50m radius (centroid),HIGH,,183.5,133.5,GOOD,NOT RECOMMENDED,"orange-level regional heat warning (39-42C) combined with low measured tree density at this site (bottom tercile of pilot sample, i.e. poor on-site shade)",MEDIUM,,phase1.1-baseline-hardening-v1.1,"AEMET 08221 Madrid/Barajas (WMO) / AEMET indicativo 3129, ~9 km NE of study area","Hourly hazard input is Madrid/Barajas (~9 km NE of study area; open airport apron). Real Retiro (in/adjacent to study area) hourly data was sought and found unobtainable without account registration or payment - see docs/PHASE1_1_BASELINE_HARDENING.md Audit 1. Retiro's OFFICIAL daily max (40.0C, 21 Aug 2023) and monthly mean (28.0C, Aug 2023) are used as independent cross-checks: Barajas ran +0.5C warmer at daily-max and +0.11C warmer at monthly-mean for the same period, i.e. close regional agreement at daily/monthly scale, but hourly-scale agreement is NOT independently verified and must not be assumed at sub-daily resolution."
A20,Parque del Retiro,outdoor,2023-08-21T12:00:00+02:00,34.2,LOW,355,"polygon+15m (real extent, 1174699 m2)",LOW,,79.2,425.4,LIMITED,FEASIBLE,,MEDIUM,,phase1.1-baseline-hardening-v1.1,"AEMET 08221 Madrid/Barajas (WMO) / AEMET indicativo 3129, ~9 km NE of study area","Hourly hazard input is Madrid/Barajas (~9 km NE of study area; open airport apron). Real Retiro (in/adjacent to study area) hourly data was sought and found unobtainable without account registration or payment - see docs/PHASE1_1_BASELINE_HARDENING.md Audit 1. Retiro's OFFICIAL daily max (40.0C, 21 Aug 2023) and monthly mean (28.0C, Aug 2023) are used as independent cross-checks: Barajas ran +0.5C warmer at daily-max and +0.11C warmer at monthly-mean for the same period, i.e. close regional agreement at daily/monthly scale, but hourly-scale agreement is NOT independently verified and must not be assumed at sub-daily resolution."
A20,Parque del Retiro,outdoor,2023-08-21T15:00:00+02:00,38.8,ELEVATED,355,"polygon+15m (real extent, 1174699 m2)",LOW,,79.2,425.4,LIMITED,FEASIBLE WITH CONDITIONS,,MEDIUM,,phase1.1-baseline-hardening-v1.1,"AEMET 08221 Madrid/Barajas (WMO) / AEMET indicativo 3129, ~9 km NE of study area","Hourly hazard input is Madrid/Barajas (~9 km NE of study area; open airport apron). Real Retiro (in/adjacent to study area) hourly data was sought and found unobtainable without account registration or payment - see docs/PHASE1_1_BASELINE_HARDENING.md Audit 1. Retiro's OFFICIAL daily max (40.0C, 21 Aug 2023) and monthly mean (28.0C, Aug 2023) are used as independent cross-checks: Barajas ran +0.5C warmer at daily-max and +0.11C warmer at monthly-mean for the same period, i.e. close regional agreement at daily/monthly scale, but hourly-scale agreement is NOT independently verified and must not be assumed at sub-daily resolution."
A20,Parque del Retiro,outdoor,2023-08-21T18:00:00+02:00,40.5,SEVERE,355,"polygon+15m (real extent, 1174699 m2)",LOW,,79.2,425.4,LIMITED,FEASIBLE WITH CONDITIONS,,MEDIUM,,phase1.1-baseline-hardening-v1.1,"AEMET 08221 Madrid/Barajas (WMO) / AEMET indicativo 3129, ~9 km NE of study area","Hourly hazard input is Madrid/Barajas (~9 km NE of study area; open airport apron). Real Retiro (in/adjacent to study area) hourly data was sought and found unobtainable without account registration or payment - see docs/PHASE1_1_BASELINE_HARDENING.md Audit 1. Retiro's OFFICIAL daily max (40.0C, 21 Aug 2023) and monthly mean (28.0C, Aug 2023) are used as independent cross-checks: Barajas ran +0.5C warmer at daily-max and +0.11C warmer at monthly-mean for the same period, i.e. close regional agreement at daily/monthly scale, but hourly-scale agreement is NOT independently verified and must not be assumed at sub-daily resolution."
A21,Real Jardín Botánico de Madrid,outdoor,2023-08-21T12:00:00+02:00,34.2,LOW,55,"polygon+15m (real extent, 81247 m2)",LOW,,21.5,179.9,GOOD,FEASIBLE,,MEDIUM,,phase1.1-baseline-hardening-v1.1,"AEMET 08221 Madrid/Barajas (WMO) / AEMET indicativo 3129, ~9 km NE of study area","Hourly hazard input is Madrid/Barajas (~9 km NE of study area; open airport apron). Real Retiro (in/adjacent to study area) hourly data was sought and found unobtainable without account registration or payment - see docs/PHASE1_1_BASELINE_HARDENING.md Audit 1. Retiro's OFFICIAL daily max (40.0C, 21 Aug 2023) and monthly mean (28.0C, Aug 2023) are used as independent cross-checks: Barajas ran +0.5C warmer at daily-max and +0.11C warmer at monthly-mean for the same period, i.e. close regional agreement at daily/monthly scale, but hourly-scale agreement is NOT independently verified and must not be assumed at sub-daily resolution."
A21,Real Jardín Botánico de Madrid,outdoor,2023-08-21T15:00:00+02:00,38.8,ELEVATED,55,"polygon+15m (real extent, 81247 m2)",LOW,,21.5,179.9,GOOD,FEASIBLE WITH CONDITIONS,,MEDIUM,,phase1.1-baseline-hardening-v1.1,"AEMET 08221 Madrid/Barajas (WMO) / AEMET indicativo 3129, ~9 km NE of study area","Hourly hazard input is Madrid/Barajas (~9 km NE of study area; open airport apron). Real Retiro (in/adjacent to study area) hourly data was sought and found unobtainable without account registration or payment - see docs/PHASE1_1_BASELINE_HARDENING.md Audit 1. Retiro's OFFICIAL daily max (40.0C, 21 Aug 2023) and monthly mean (28.0C, Aug 2023) are used as independent cross-checks: Barajas ran +0.5C warmer at daily-max and +0.11C warmer at monthly-mean for the same period, i.e. close regional agreement at daily/monthly scale, but hourly-scale agreement is NOT independently verified and must not be assumed at sub-daily resolution."
A21,Real Jardín Botánico de Madrid,outdoor,2023-08-21T18:00:00+02:00,40.5,SEVERE,55,"polygon+15m (real extent, 81247 m2)",LOW,,21.5,179.9,GOOD,FEASIBLE WITH CONDITIONS,,MEDIUM,,phase1.1-baseline-hardening-v1.1,"AEMET 08221 Madrid/Barajas (WMO) / AEMET indicativo 3129, ~9 km NE of study area","Hourly hazard input is Madrid/Barajas (~9 km NE of study area; open airport apron). Real Retiro (in/adjacent to study area) hourly data was sought and found unobtainable without account registration or payment - see docs/PHASE1_1_BASELINE_HARDENING.md Audit 1. Retiro's OFFICIAL daily max (40.0C, 21 Aug 2023) and monthly mean (28.0C, Aug 2023) are used as independent cross-checks: Barajas ran +0.5C warmer at daily-max and +0.11C warmer at monthly-mean for the same period, i.e. close regional agreement at daily/monthly scale, but hourly-scale agreement is NOT independently verified and must not be assumed at sub-daily resolution."
A22,Palacio de Cristal,outdoor,2023-08-21T12:00:00+02:00,34.2,LOW,1,"polygon+15m (real extent, 1292 m2)",MODERATE,,54.4,391.4,GOOD,FEASIBLE,,MEDIUM,,phase1.1-baseline-hardening-v1.1,"AEMET 08221 Madrid/Barajas (WMO) / AEMET indicativo 3129, ~9 km NE of study area","Hourly hazard input is Madrid/Barajas (~9 km NE of study area; open airport apron). Real Retiro (in/adjacent to study area) hourly data was sought and found unobtainable without account registration or payment - see docs/PHASE1_1_BASELINE_HARDENING.md Audit 1. Retiro's OFFICIAL daily max (40.0C, 21 Aug 2023) and monthly mean (28.0C, Aug 2023) are used as independent cross-checks: Barajas ran +0.5C warmer at daily-max and +0.11C warmer at monthly-mean for the same period, i.e. close regional agreement at daily/monthly scale, but hourly-scale agreement is NOT independently verified and must not be assumed at sub-daily resolution."
A22,Palacio de Cristal,outdoor,2023-08-21T15:00:00+02:00,38.8,ELEVATED,1,"polygon+15m (real extent, 1292 m2)",MODERATE,,54.4,391.4,GOOD,FEASIBLE WITH CONDITIONS,,MEDIUM,,phase1.1-baseline-hardening-v1.1,"AEMET 08221 Madrid/Barajas (WMO) / AEMET indicativo 3129, ~9 km NE of study area","Hourly hazard input is Madrid/Barajas (~9 km NE of study area; open airport apron). Real Retiro (in/adjacent to study area) hourly data was sought and found unobtainable without account registration or payment - see docs/PHASE1_1_BASELINE_HARDENING.md Audit 1. Retiro's OFFICIAL daily max (40.0C, 21 Aug 2023) and monthly mean (28.0C, Aug 2023) are used as independent cross-checks: Barajas ran +0.5C warmer at daily-max and +0.11C warmer at monthly-mean for the same period, i.e. close regional agreement at daily/monthly scale, but hourly-scale agreement is NOT independently verified and must not be assumed at sub-daily resolution."
A22,Palacio de Cristal,outdoor,2023-08-21T18:00:00+02:00,40.5,SEVERE,1,"polygon+15m (real extent, 1292 m2)",MODERATE,,54.4,391.4,GOOD,FEASIBLE WITH CONDITIONS,,MEDIUM,,phase1.1-baseline-hardening-v1.1,"AEMET 08221 Madrid/Barajas (WMO) / AEMET indicativo 3129, ~9 km NE of study area","Hourly hazard input is Madrid/Barajas (~9 km NE of study area; open airport apron). Real Retiro (in/adjacent to study area) hourly data was sought and found unobtainable without account registration or payment - see docs/PHASE1_1_BASELINE_HARDENING.md Audit 1. Retiro's OFFICIAL daily max (40.0C, 21 Aug 2023) and monthly mean (28.0C, Aug 2023) are used as independent cross-checks: Barajas ran +0.5C warmer at daily-max and +0.11C warmer at monthly-mean for the same period, i.e. close regional agreement at daily/monthly scale, but hourly-scale agreement is NOT independently verified and must not be assumed at sub-daily resolution."
A23,Jardines de Cecilio Rodríguez,outdoor,2023-08-21T12:00:00+02:00,34.2,LOW,4,"polygon+15m (real extent, 32225 m2)",LOW,,14.2,115.4,GOOD,FEASIBLE,,MEDIUM,,phase1.1-baseline-hardening-v1.1,"AEMET 08221 Madrid/Barajas (WMO) / AEMET indicativo 3129, ~9 km NE of study area","Hourly hazard input is Madrid/Barajas (~9 km NE of study area; open airport apron). Real Retiro (in/adjacent to study area) hourly data was sought and found unobtainable without account registration or payment - see docs/PHASE1_1_BASELINE_HARDENING.md Audit 1. Retiro's OFFICIAL daily max (40.0C, 21 Aug 2023) and monthly mean (28.0C, Aug 2023) are used as independent cross-checks: Barajas ran +0.5C warmer at daily-max and +0.11C warmer at monthly-mean for the same period, i.e. close regional agreement at daily/monthly scale, but hourly-scale agreement is NOT independently verified and must not be assumed at sub-daily resolution."
A23,Jardines de Cecilio Rodríguez,outdoor,2023-08-21T15:00:00+02:00,38.8,ELEVATED,4,"polygon+15m (real extent, 32225 m2)",LOW,,14.2,115.4,GOOD,FEASIBLE WITH CONDITIONS,,MEDIUM,,phase1.1-baseline-hardening-v1.1,"AEMET 08221 Madrid/Barajas (WMO) / AEMET indicativo 3129, ~9 km NE of study area","Hourly hazard input is Madrid/Barajas (~9 km NE of study area; open airport apron). Real Retiro (in/adjacent to study area) hourly data was sought and found unobtainable without account registration or payment - see docs/PHASE1_1_BASELINE_HARDENING.md Audit 1. Retiro's OFFICIAL daily max (40.0C, 21 Aug 2023) and monthly mean (28.0C, Aug 2023) are used as independent cross-checks: Barajas ran +0.5C warmer at daily-max and +0.11C warmer at monthly-mean for the same period, i.e. close regional agreement at daily/monthly scale, but hourly-scale agreement is NOT independently verified and must not be assumed at sub-daily resolution."
A23,Jardines de Cecilio Rodríguez,outdoor,2023-08-21T18:00:00+02:00,40.5,SEVERE,4,"polygon+15m (real extent, 32225 m2)",LOW,,14.2,115.4,GOOD,FEASIBLE WITH CONDITIONS,,MEDIUM,,phase1.1-baseline-hardening-v1.1,"AEMET 08221 Madrid/Barajas (WMO) / AEMET indicativo 3129, ~9 km NE of study area","Hourly hazard input is Madrid/Barajas (~9 km NE of study area; open airport apron). Real Retiro (in/adjacent to study area) hourly data was sought and found unobtainable without account registration or payment - see docs/PHASE1_1_BASELINE_HARDENING.md Audit 1. Retiro's OFFICIAL daily max (40.0C, 21 Aug 2023) and monthly mean (28.0C, Aug 2023) are used as independent cross-checks: Barajas ran +0.5C warmer at daily-max and +0.11C warmer at monthly-mean for the same period, i.e. close regional agreement at daily/monthly scale, but hourly-scale agreement is NOT independently verified and must not be assumed at sub-daily resolution."
A24,La Rosaleda,outdoor,2023-08-21T12:00:00+02:00,34.2,LOW,2,"polygon+15m (real extent, 7825 m2)",MODERATE,,1.2,338.1,GOOD,FEASIBLE,,MEDIUM,,phase1.1-baseline-hardening-v1.1,"AEMET 08221 Madrid/Barajas (WMO) / AEMET indicativo 3129, ~9 km NE of study area","Hourly hazard input is Madrid/Barajas (~9 km NE of study area; open airport apron). Real Retiro (in/adjacent to study area) hourly data was sought and found unobtainable without account registration or payment - see docs/PHASE1_1_BASELINE_HARDENING.md Audit 1. Retiro's OFFICIAL daily max (40.0C, 21 Aug 2023) and monthly mean (28.0C, Aug 2023) are used as independent cross-checks: Barajas ran +0.5C warmer at daily-max and +0.11C warmer at monthly-mean for the same period, i.e. close regional agreement at daily/monthly scale, but hourly-scale agreement is NOT independently verified and must not be assumed at sub-daily resolution."
A24,La Rosaleda,outdoor,2023-08-21T15:00:00+02:00,38.8,ELEVATED,2,"polygon+15m (real extent, 7825 m2)",MODERATE,,1.2,338.1,GOOD,FEASIBLE WITH CONDITIONS,,MEDIUM,,phase1.1-baseline-hardening-v1.1,"AEMET 08221 Madrid/Barajas (WMO) / AEMET indicativo 3129, ~9 km NE of study area","Hourly hazard input is Madrid/Barajas (~9 km NE of study area; open airport apron). Real Retiro (in/adjacent to study area) hourly data was sought and found unobtainable without account registration or payment - see docs/PHASE1_1_BASELINE_HARDENING.md Audit 1. Retiro's OFFICIAL daily max (40.0C, 21 Aug 2023) and monthly mean (28.0C, Aug 2023) are used as independent cross-checks: Barajas ran +0.5C warmer at daily-max and +0.11C warmer at monthly-mean for the same period, i.e. close regional agreement at daily/monthly scale, but hourly-scale agreement is NOT independently verified and must not be assumed at sub-daily resolution."
A24,La Rosaleda,outdoor,2023-08-21T18:00:00+02:00,40.5,SEVERE,2,"polygon+15m (real extent, 7825 m2)",MODERATE,,1.2,338.1,GOOD,FEASIBLE WITH CONDITIONS,,MEDIUM,,phase1.1-baseline-hardening-v1.1,"AEMET 08221 Madrid/Barajas (WMO) / AEMET indicativo 3129, ~9 km NE of study area","Hourly hazard input is Madrid/Barajas (~9 km NE of study area; open airport apron). Real Retiro (in/adjacent to study area) hourly data was sought and found unobtainable without account registration or payment - see docs/PHASE1_1_BASELINE_HARDENING.md Audit 1. Retiro's OFFICIAL daily max (40.0C, 21 Aug 2023) and monthly mean (28.0C, Aug 2023) are used as independent cross-checks: Barajas ran +0.5C warmer at daily-max and +0.11C warmer at monthly-mean for the same period, i.e. close regional agreement at daily/monthly scale, but hourly-scale agreement is NOT independently verified and must not be assumed at sub-daily resolution."
A25,Jardín del Parterre,outdoor,2023-08-21T12:00:00+02:00,34.2,LOW,2,"polygon+15m (real extent, 3968 m2)",MODERATE,,42.5,115.6,GOOD,FEASIBLE,,MEDIUM,,phase1.1-baseline-hardening-v1.1,"AEMET 08221 Madrid/Barajas (WMO) / AEMET indicativo 3129, ~9 km NE of study area","Hourly hazard input is Madrid/Barajas (~9 km NE of study area; open airport apron). Real Retiro (in/adjacent to study area) hourly data was sought and found unobtainable without account registration or payment - see docs/PHASE1_1_BASELINE_HARDENING.md Audit 1. Retiro's OFFICIAL daily max (40.0C, 21 Aug 2023) and monthly mean (28.0C, Aug 2023) are used as independent cross-checks: Barajas ran +0.5C warmer at daily-max and +0.11C warmer at monthly-mean for the same period, i.e. close regional agreement at daily/monthly scale, but hourly-scale agreement is NOT independently verified and must not be assumed at sub-daily resolution."
A25,Jardín del Parterre,outdoor,2023-08-21T15:00:00+02:00,38.8,ELEVATED,2,"polygon+15m (real extent, 3968 m2)",MODERATE,,42.5,115.6,GOOD,FEASIBLE WITH CONDITIONS,,MEDIUM,,phase1.1-baseline-hardening-v1.1,"AEMET 08221 Madrid/Barajas (WMO) / AEMET indicativo 3129, ~9 km NE of study area","Hourly hazard input is Madrid/Barajas (~9 km NE of study area; open airport apron). Real Retiro (in/adjacent to study area) hourly data was sought and found unobtainable without account registration or payment - see docs/PHASE1_1_BASELINE_HARDENING.md Audit 1. Retiro's OFFICIAL daily max (40.0C, 21 Aug 2023) and monthly mean (28.0C, Aug 2023) are used as independent cross-checks: Barajas ran +0.5C warmer at daily-max and +0.11C warmer at monthly-mean for the same period, i.e. close regional agreement at daily/monthly scale, but hourly-scale agreement is NOT independently verified and must not be assumed at sub-daily resolution."
A25,Jardín del Parterre,outdoor,2023-08-21T18:00:00+02:00,40.5,SEVERE,2,"polygon+15m (real extent, 3968 m2)",MODERATE,,42.5,115.6,GOOD,FEASIBLE WITH CONDITIONS,,MEDIUM,,phase1.1-baseline-hardening-v1.1,"AEMET 08221 Madrid/Barajas (WMO) / AEMET indicativo 3129, ~9 km NE of study area","Hourly hazard input is Madrid/Barajas (~9 km NE of study area; open airport apron). Real Retiro (in/adjacent to study area) hourly data was sought and found unobtainable without account registration or payment - see docs/PHASE1_1_BASELINE_HARDENING.md Audit 1. Retiro's OFFICIAL daily max (40.0C, 21 Aug 2023) and monthly mean (28.0C, Aug 2023) are used as independent cross-checks: Barajas ran +0.5C warmer at daily-max and +0.11C warmer at monthly-mean for the same period, i.e. close regional agreement at daily/monthly scale, but hourly-scale agreement is NOT independently verified and must not be assumed at sub-daily resolution."
A26,Monumento a Alfonso XII,outdoor,2023-08-21T12:00:00+02:00,34.2,LOW,0,"polygon+15m (real extent, 87 m2)",HIGH,,85.4,402.4,LIMITED,FEASIBLE WITH CONDITIONS,,MEDIUM,,phase1.1-baseline-hardening-v1.1,"AEMET 08221 Madrid/Barajas (WMO) / AEMET indicativo 3129, ~9 km NE of study area","Hourly hazard input is Madrid/Barajas (~9 km NE of study area; open airport apron). Real Retiro (in/adjacent to study area) hourly data was sought and found unobtainable without account registration or payment - see docs/PHASE1_1_BASELINE_HARDENING.md Audit 1. Retiro's OFFICIAL daily max (40.0C, 21 Aug 2023) and monthly mean (28.0C, Aug 2023) are used as independent cross-checks: Barajas ran +0.5C warmer at daily-max and +0.11C warmer at monthly-mean for the same period, i.e. close regional agreement at daily/monthly scale, but hourly-scale agreement is NOT independently verified and must not be assumed at sub-daily resolution."
A26,Monumento a Alfonso XII,outdoor,2023-08-21T15:00:00+02:00,38.8,ELEVATED,0,"polygon+15m (real extent, 87 m2)",HIGH,,85.4,402.4,LIMITED,FEASIBLE WITH CONDITIONS,,MEDIUM,,phase1.1-baseline-hardening-v1.1,"AEMET 08221 Madrid/Barajas (WMO) / AEMET indicativo 3129, ~9 km NE of study area","Hourly hazard input is Madrid/Barajas (~9 km NE of study area; open airport apron). Real Retiro (in/adjacent to study area) hourly data was sought and found unobtainable without account registration or payment - see docs/PHASE1_1_BASELINE_HARDENING.md Audit 1. Retiro's OFFICIAL daily max (40.0C, 21 Aug 2023) and monthly mean (28.0C, Aug 2023) are used as independent cross-checks: Barajas ran +0.5C warmer at daily-max and +0.11C warmer at monthly-mean for the same period, i.e. close regional agreement at daily/monthly scale, but hourly-scale agreement is NOT independently verified and must not be assumed at sub-daily resolution."
A26,Monumento a Alfonso XII,outdoor,2023-08-21T18:00:00+02:00,40.5,SEVERE,0,"polygon+15m (real extent, 87 m2)",HIGH,,85.4,402.4,LIMITED,NOT RECOMMENDED,"orange-level regional heat warning (39-42C) combined with low measured tree density at this site (bottom tercile of pilot sample, i.e. poor on-site shade)",MEDIUM,,phase1.1-baseline-hardening-v1.1,"AEMET 08221 Madrid/Barajas (WMO) / AEMET indicativo 3129, ~9 km NE of study area","Hourly hazard input is Madrid/Barajas (~9 km NE of study area; open airport apron). Real Retiro (in/adjacent to study area) hourly data was sought and found unobtainable without account registration or payment - see docs/PHASE1_1_BASELINE_HARDENING.md Audit 1. Retiro's OFFICIAL daily max (40.0C, 21 Aug 2023) and monthly mean (28.0C, Aug 2023) are used as independent cross-checks: Barajas ran +0.5C warmer at daily-max and +0.11C warmer at monthly-mean for the same period, i.e. close regional agreement at daily/monthly scale, but hourly-scale agreement is NOT independently verified and must not be assumed at sub-daily resolution."
A27,Jardines del Arquitecto Herrero Palacios,outdoor,2023-08-21T12:00:00+02:00,34.2,LOW,22,"polygon+15m (real extent, 27283 m2)",LOW,,66.6,130.8,GOOD,FEASIBLE,,MEDIUM,,phase1.1-baseline-hardening-v1.1,"AEMET 08221 Madrid/Barajas (WMO) / AEMET indicativo 3129, ~9 km NE of study area","Hourly hazard input is Madrid/Barajas (~9 km NE of study area; open airport apron). Real Retiro (in/adjacent to study area) hourly data was sought and found unobtainable without account registration or payment - see docs/PHASE1_1_BASELINE_HARDENING.md Audit 1. Retiro's OFFICIAL daily max (40.0C, 21 Aug 2023) and monthly mean (28.0C, Aug 2023) are used as independent cross-checks: Barajas ran +0.5C warmer at daily-max and +0.11C warmer at monthly-mean for the same period, i.e. close regional agreement at daily/monthly scale, but hourly-scale agreement is NOT independently verified and must not be assumed at sub-daily resolution."
A27,Jardines del Arquitecto Herrero Palacios,outdoor,2023-08-21T15:00:00+02:00,38.8,ELEVATED,22,"polygon+15m (real extent, 27283 m2)",LOW,,66.6,130.8,GOOD,FEASIBLE WITH CONDITIONS,,MEDIUM,,phase1.1-baseline-hardening-v1.1,"AEMET 08221 Madrid/Barajas (WMO) / AEMET indicativo 3129, ~9 km NE of study area","Hourly hazard input is Madrid/Barajas (~9 km NE of study area; open airport apron). Real Retiro (in/adjacent to study area) hourly data was sought and found unobtainable without account registration or payment - see docs/PHASE1_1_BASELINE_HARDENING.md Audit 1. Retiro's OFFICIAL daily max (40.0C, 21 Aug 2023) and monthly mean (28.0C, Aug 2023) are used as independent cross-checks: Barajas ran +0.5C warmer at daily-max and +0.11C warmer at monthly-mean for the same period, i.e. close regional agreement at daily/monthly scale, but hourly-scale agreement is NOT independently verified and must not be assumed at sub-daily resolution."
A27,Jardines del Arquitecto Herrero Palacios,outdoor,2023-08-21T18:00:00+02:00,40.5,SEVERE,22,"polygon+15m (real extent, 27283 m2)",LOW,,66.6,130.8,GOOD,FEASIBLE WITH CONDITIONS,,MEDIUM,,phase1.1-baseline-hardening-v1.1,"AEMET 08221 Madrid/Barajas (WMO) / AEMET indicativo 3129, ~9 km NE of study area","Hourly hazard input is Madrid/Barajas (~9 km NE of study area; open airport apron). Real Retiro (in/adjacent to study area) hourly data was sought and found unobtainable without account registration or payment - see docs/PHASE1_1_BASELINE_HARDENING.md Audit 1. Retiro's OFFICIAL daily max (40.0C, 21 Aug 2023) and monthly mean (28.0C, Aug 2023) are used as independent cross-checks: Barajas ran +0.5C warmer at daily-max and +0.11C warmer at monthly-mean for the same period, i.e. close regional agreement at daily/monthly scale, but hourly-scale agreement is NOT independently verified and must not be assumed at sub-daily resolution."
