source,owner,variable,spatial_resolution,temporal_resolution,temporal_coverage,access_method,format,licence,update_frequency,cost,reproducibility,key_limitations,suitability_verdict
"AEMET OpenData API",AEMET (Spanish State Meteorological Agency),"Air temperature, humidity, wind, radiation at stations","Point (station); sparse in-city",Hourly to daily,Multi-decadal to present,"Free REST API (API key); R packages climaemet/meteospain",JSON/CSV,"Free reuse with attribution (Spanish open-data terms)",Continuous,Free,High,"Few stations inside city core; not spatially continuous; Retiro/Barajas dominate",USE - primary ground reference for validation and for driving/anchoring the exposure model
"ERA5-Land (Copernicus CDS)",ECMWF / Copernicus C3S,"2m air temp, radiation, humidity, wind (reanalysis)","~9 km grid",Hourly,1950-present,"Free via Climate Data Store API / cdsapi",NetCDF/GRIB,"Copernicus licence (free, open)",~Monthly lag,Free,High,"9 km too coarse for pedestrian/microscale; good for regional context and gap-filling only","USE WITH CAUTION - context and boundary conditions, NOT pedestrian-scale exposure"
"Landsat 8/9 Collection 2 Level-2 Surface Temperature",USGS/NASA,"Land Surface Temperature (LST)","30 m (thermal resampled from 100 m)","~8-16 day revisit (per satellite; ~8 day combined)","2013-present (L8), 2021-present (L9)","Free via USGS EarthExplorer / Google Earth Engine / Planetary Computer",GeoTIFF,"Free/public domain",Per overpass,Free,High,"LST != air temp != comfort; ~10:30 local overpass misses peak-heat hours; cloud gaps; surface not human load",USE ONLY as surface-hazard/relative-exposure proxy with explicit error; NEVER as comfort
"Sentinel-2 MSI",ESA/Copernicus,"Optical bands (NDVI/vegetation, land cover)","10-20 m","~5 day revisit",2015-present,"Free via Copernicus Browser / GEE / Planetary Computer",GeoTIFF/JP2,"Copernicus licence (free, open)",Per overpass,Free,High,"No thermal band - cannot derive LST directly; use for greenness/shade proxy inputs",USE - vegetation/greenness inputs and land-cover masking
"Copernicus Urban Atlas - Street Tree Layer 2018",Copernicus Land Monitoring Service,"Street tree canopy (vector)","Vector, MMU-based (street trees)","Static (2018)","2018 (also 2012)","Free download (CLMS portal)","Vector (GPKG/SHP)","Copernicus licence (free, open)","~6-yearly",Free,High,"2018 vintage; MMU excludes small isolated trees; not per-tree height",USE - canopy/shade proxy for Madrid; combine with local arbolado for detail
"Copernicus HRL Tree Cover Density 2018",Copernicus Land Monitoring Service,"Tree cover density (%)","10 m / 100 m raster","Static/annual","2018 onward","Free download (CLMS portal)",GeoTIFF,"Copernicus licence (free, open)","Yearly (recent)",Free,High,"Density not geometry; no height; canopy != actual cast shadow",USE - continuous canopy proxy input to shade estimation
"Madrid Open Data - Arbolado (street/park trees geolocated)",Ayuntamiento de Madrid,"Tree locations, species, some size attributes","Point (individual trees)","Static, periodically updated","Current inventory","Free portal download (datos.madrid.es)","CSV/SHP/KML","Free reuse (Madrid open-data terms)","Irregular",Free,Medium-High,"Coverage completeness varies (parks vs streets); height/crown often missing; some datasets flagged non-viable",USE - best local per-tree source; needs cleaning and height enrichment for shade modelling
"Madrid Open Data - Fuentes de agua / bebederos",Ayuntamiento de Madrid,"Drinking-water fountains / points","Point","Static, updated","Current","Free portal download","CSV/SHP","Free reuse (Madrid terms)","Irregular",Free,Medium,"Completeness and operational-status uncertainty; may not reflect real availability",USE - cooling/hydration resource layer with a data-quality caveat
"Madrid Open Data - Museos y espacios (indoor attractions)",Ayuntamiento de Madrid,"Museums/indoor cultural sites, some opening hours","Point","Static, updated","Current","Free portal download","CSV/JSON/SHP","Free reuse (Madrid terms)","Irregular",Free,Medium-High,"Opening hours not always machine-clean; seasonal changes; A/C status not stated",USE - core indoor cool-alternative POI layer; validate hours manually
"Madrid Open Data - Zonas verdes / parques",Ayuntamiento de Madrid,"Green areas / parks polygons","Polygon","Static, updated","Current","Free portal download","SHP/GPKG","Free reuse (Madrid terms)","Irregular",Free,High,"Polygon extent not microclimate; interior shade heterogeneous",USE - green/cooling area layer
"Climate shelters / Refugios climaticos (Madrid + MITECO Red)","Comunidad/Ayuntamiento de Madrid; MITECO; portals (madridrefugio.es, Madrid al Fresco)","Cool-refuge locations (indoor/outdoor)","Point","Static, evolving","2023-2026","Portal/map extraction; may need manual assembly/geocoding","Mixed (web/map, some CSV)","Mixed - verify per source",Seasonal,Free,Low-Medium,"NO single authoritative machine-readable open dataset confirmed; definitions differ across networks; requires manual, documented assembly",USE WITH CAUTION - assemble and document provenance; flag as medium-confidence input
"OpenStreetMap (pedestrian network + POIs + building footprints)",OSM contributors,"Footways, POIs, buildings (some heights)","Vector (variable completeness)","Continuous/crowdsourced","Historic to live","Free (Overpass/Geofabrik extracts)","OSM PBF/GeoJSON","ODbL (share-alike, attribution)",Continuous,Free,High,"Building HEIGHT sparse; sidewalk network incomplete in places; tag inconsistency",USE - core network + POI + footprint base; height gaps filled from Cadastre
"Spanish Cadastre (Direccion General del Catastro)",Ministerio de Hacienda,"Building footprints, floors/height proxy","Vector (parcel/building)","Static, updated","Current","Free (Catastro INSPIRE download/WFS)","GML/SHP","Free (Catastro terms)","Periodic",Free,High,"Height often as floor count (proxy); not roof geometry",USE - building geometry for shadow/MRT model (as CoolWalks did for Barcelona/Valencia)
"LiDAR (PNOA / CNIG)",IGN/CNIG (Spain),"3D point cloud - building & tree heights, DSM",">= 0.5-2 pts/m2 (varies by campaign)","Static per campaign","~2009 onward (multiple campaigns)","Free download (CNIG Centro de Descargas)","LAZ/LAS; DSM raster","Free (CC-BY 4.0 / IGN terms)","Multi-year campaigns",Free,High,"Campaign date gaps; processing-intensive; canopy season-dependent",USE (HIGH VALUE) - best open source for real shade/MRT geometry; enables defensible shadow modelling
"MITMA / spanishoddata mobility (mobile-phone OD)",MITMA (via rOpenSpain package),"Aggregated population origin-destination flows","District (distrito) / municipality","Daily / hourly aggregates","2020-2021 (v1), 2022-present (v2)","Free open data; R package spanishoddata",CSV/parquet,"Open (MITMA terms)","Periodic",Free,High,"POPULATION-level, NOT tourists; district granularity too coarse for POI decisions; residents+commuters+visitors mixed",CONTEXT ONLY - cannot support tourist behavioural claims; use to characterise general activity only
"INE FRONTUR / EGATUR",INE (Spain),"International tourist arrivals & expenditure","National / CCAA (region)","Monthly","Long series to present","Free (INE / dataestur)","CSV/API","Free (INE terms)","Monthly",Free,High,"Border/national-regional scale; NO intra-urban or hourly detail",BACKGROUND ONLY - scale far too coarse for HATI's unit of analysis
"Madrid Destino / esMadrid tourism intelligence","Madrid Destino (municipal)","Aggregate tourism indicators, some reports","City / aggregate","Periodic reports","Recent","Web reports; limited machine-readable","PDF/dashboards","Restricted/mixed",Periodic,Free-to-view,Low,"Aggregated, reporting-oriented; not granular or openly reusable per-POI data","BACKGROUND ONLY - context, not a modelling input"
"Commercial visitor-flow / card-spend (e.g. telco, Mastercard)","Private vendors","Fine-grained visitor flows / spend","Fine",Sub-daily,Recent,"Paid licence / partnership",Proprietary,"Proprietary (paid)",Varies,"High cost",Low,"Cost, licensing, reproducibility, privacy; not openly reproducible",EXCLUDE in Phase 0/1 - would break the open-reproducibility commitment; note as a future dependency only
"ENVI-met / SOLWEIG microclimate model outputs",Model (user-generated),"Modelled Tmrt/UTCI at micro-scale","<= 1-5 m","Hourly (simulated)","User-defined","Software (SOLWEIG open in UMEP/QGIS; ENVI-met licensed)","Raster","Mixed (SOLWEIG free; ENVI-met paid)","On demand",SOLWEIG free; ENVI-met paid,Medium-High,"Computationally heavy; needs accurate geometry+canopy inputs; validation required",USE (SOLWEIG) - preferred open route to pedestrian Tmrt/UTCI from LiDAR+canopy; validate outputs
