date,hour_utc,temp_c,dwpt_c,rhum_pct,prcp_mm,snow_mm,wdir_deg,wspd_kmh,wpgt_kmh,pres_hpa,tsun_min,coco
2021-08-11,00,25.8,13.0,45,,,110,3.6,,1013.3,,2
2021-08-11,01,24.6,13.2,49,,,110,5.4,,1013.7,,1
2021-08-11,02,23.4,12.7,51,,,110,3.6,,1014.1,,1
2021-08-11,03,22.8,13.0,54,,,30,9.4,,1014.3,,1
2021-08-11,04,22.5,12.4,53,,,350,7.6,,1014.3,,2
2021-08-11,05,21.9,12.5,55,,,350,3.6,,1014.8,,2
2021-08-11,06,21.4,13.1,59,,0,350,3.6,,1015.7,,2
2021-08-11,07,23.8,13.4,52,,,350,5.4,,1015.4,,2
2021-08-11,08,26.3,13.1,44,,,350,7.6,,1014.9,,1
2021-08-11,09,28.9,13.2,38,,,350,3.6,,1014.4,,1
2021-08-11,10,31.7,13.9,34,,,20,5.4,,1013.4,,1
2021-08-11,11,33.7,14.2,31,,,110,5.4,,1012.5,,1
2021-08-11,12,35.2,14.5,29,,,150,7.6,,1011.6,,1
2021-08-11,13,37.0,12.5,23,,,190,22.3,,1011.1,,2
2021-08-11,14,38.2,11.3,20,,,230,20.5,,1010.3,,2
2021-08-11,15,38.5,10.8,19,,,250,14.8,,1009.5,,2
2021-08-11,16,38.9,11.9,20,,,240,13.0,,1008.9,,2
2021-08-11,17,38.3,11.4,20,,,260,13.0,,1008.3,,2
2021-08-11,18,37.7,11.6,21,,,260,9.4,,1008.6,,2
2021-08-11,19,38.0,11.2,20,,,270,9.4,,1016.0,,2
2021-08-11,20,30.1,10.6,30,,,120,13.0,,1011.2,,2
2021-08-11,21,31.4,11.7,30,,,150,29.5,,1012.5,,2
2021-08-11,22,29.1,11.2,33,,,130,16.6,,1013.2,,18
2021-08-11,23,27.8,10.1,33,,,10,11.2,,1013.9,,2
2021-08-12,00,26.1,12.2,42,,,60,7.6,,1014.7,,2
2021-08-12,01,26.0,13.2,45,,,30,7.6,,1019.0,,2
2021-08-12,02,24.0,12.9,50,,,40,5.4,,1016.2,,1
2021-08-12,03,22.6,15.0,62,,,350,13.0,,1016.5,,1
2021-08-12,04,21.9,14.0,61,,,10,3.6,,1016.3,,2
2021-08-12,05,22.0,13.9,60,,,350,9.4,,1016.5,,2
2021-08-12,06,21.5,13.7,61,,0,350,9.4,,1016.9,,1
2021-08-12,07,23.6,14.0,55,,,350,9.4,,1017.0,,1
2021-08-12,08,26.9,13.3,43,,,350,5.4,,1016.6,,1
2021-08-12,09,28.8,14.2,41,,,210,9.4,,1016.3,,1
2021-08-12,10,30.9,14.1,36,,,160,7.6,,1015.7,,1
2021-08-12,11,33.3,12.9,29,,,170,11.2,,1015.0,,1
2021-08-12,12,34.9,12.0,25,,,230,18.4,,1014.3,,1
2021-08-12,13,36.2,10.4,21,,,230,13.0,,1014.0,,1
2021-08-12,14,37.3,7.3,16,,,210,22.3,,1013.5,,1
2021-08-12,15,38.1,3.8,12,,,230,24.1,,1013.1,,1
2021-08-12,16,38.3,5.1,13,,,230,24.1,,1012.7,,1
2021-08-12,17,38.1,3.8,12,,,220,22.3,,1012.6,,1
2021-08-12,18,37.1,1.8,11,,,210,25.9,,1013.0,,1
2021-08-12,19,35.7,3.0,13,,,220,16.6,,1013.7,,1
2021-08-12,20,33.2,4.0,16,,,250,11.2,,1014.8,,1
2021-08-12,21,31.5,5.1,19,,,250,9.4,,1015.8,,1
2021-08-12,22,27.2,4.3,23,,,250,1.8,,1017.1,,1
2021-08-12,23,25.1,4.2,26,,,250,7.6,,1017.8,,1
2021-08-13,00,24.6,3.8,26,,,250,7.6,,1018.1,,1
2021-08-13,01,22.5,5.0,32,,,250,5.4,,1018.8,,1
2021-08-13,02,21.4,5.3,35,,,250,9.4,,1019.3,,1
2021-08-13,03,20.7,5.9,38,,,250,7.6,,1019.6,,1
2021-08-13,04,21.3,6.4,38,,,330,13.0,,1019.2,,1
2021-08-13,05,19.7,6.8,43,,,340,5.4,,1019.9,,1
2021-08-13,06,19.2,6.0,42,,0,340,3.6,,1019.9,,1
2021-08-13,07,22.7,7.3,37,,,340,7.6,,1020.0,,1
2021-08-13,08,26.0,6.6,29,,,340,3.6,,1019.5,,1
2021-08-13,09,29.4,6.7,24,,,340,3.6,,1019.0,,1
2021-08-13,10,34.0,7.9,20,,,340,3.6,,1023.0,,1
2021-08-13,11,35.3,8.9,20,,,130,9.4,,1017.0,,1
2021-08-13,12,37.5,9.2,18,,,180,9.4,,1016.1,,1
2021-08-13,13,39.5,9.0,16,,,200,14.8,,1015.0,,1
2021-08-13,14,40.6,8.9,15,,,220,18.4,,1014.4,,1
2021-08-13,15,41.4,8.6,14,,,220,14.8,,1013.3,,1
2021-08-13,16,41.5,7.5,13,,,230,18.4,,1012.9,,1
2021-08-13,17,41.4,8.6,14,,,200,13.0,,1012.4,,1
2021-08-13,18,40.3,6.6,13,,,260,18.4,,1012.6,,1
2021-08-13,19,38.6,7.4,15,,,250,13.0,,1013.3,,1
2021-08-13,20,36.9,7.8,17,,,250,13.0,,1014.1,,2
2021-08-13,21,36.1,8.8,19,,,270,13.0,,1014.7,,2
2021-08-13,22,33.1,9.2,23,,,280,7.6,,1015.9,,2
2021-08-13,23,32.5,9.3,24,,,280,9.4,,1016.3,,2
2021-08-14,00,30.4,9.9,28,,,180,5.4,,1016.3,,2
2021-08-14,01,28.7,8.4,28,,,360,13.0,,1016.7,,2
2021-08-14,02,27.8,8.1,29,,,330,13.0,,1017.1,,1
2021-08-14,03,25.8,8.3,33,,,330,5.4,,1017.1,,1
2021-08-14,04,24.5,8.0,35,,,330,9.4,,1017.5,,2
2021-08-14,05,23.5,8.0,37,,,330,5.4,,1017.9,,2
2021-08-14,06,22.9,9.0,41,,0,330,5.4,,1018.5,,2
2021-08-14,07,24.8,8.7,36,,,330,7.6,,1018.5,,2
2021-08-14,08,28.3,9.6,31,,,330,3.6,,1017.8,,1
2021-08-14,09,30.8,10.7,29,,,220,1.8,,1017.4,,1
2021-08-14,10,33.2,10.5,25,,,310,5.4,,1017.0,,2
2021-08-14,11,35.5,10.5,22,,,300,7.6,,1016.1,,2
2021-08-14,12,36.8,10.2,20,,,180,5.4,,1015.4,,1
2021-08-14,13,39.5,10.8,18,,,220,14.8,,1014.1,,1
2021-08-14,14,40.5,8.9,15,,,200,14.8,,1013.0,,2
2021-08-14,15,41.9,7.9,13,,,220,22.3,,1011.4,,2
2021-08-14,16,42.4,7.1,12,,,220,24.1,,1011.2,,1
2021-08-14,17,37.9,10.3,19,,,20,16.6,,1012.3,,2
2021-08-14,18,38.6,7.4,15,,,10,7.6,,1012.1,,2
2021-08-14,19,35.3,8.2,19,,,10,5.4,,1013.5,,2
2021-08-14,20,32.0,8.3,23,,,10,3.6,,1014.7,,2
2021-08-14,21,30.8,7.9,24,,,10,3.6,,1015.5,,2
2021-08-14,22,28.5,8.7,29,,,10,3.6,,1016.3,,1
2021-08-14,23,26.6,8.1,31,,,10,3.6,,1016.8,,2
2021-08-15,00,25.5,11.3,41,,,10,7.6,,1016.8,,2
2021-08-15,01,24.8,12.1,45,,,360,13.0,,1016.6,,2
2021-08-15,02,24.1,11.4,45,,,330,16.6,,1016.5,,2
2021-08-15,03,23.5,10.9,45,,,320,9.4,,1016.1,,2
2021-08-15,04,21.7,10.8,50,,,320,3.6,,1016.5,,1
2021-08-15,05,20.9,10.1,50,,,320,5.4,,1016.9,,1
2021-08-15,06,19.9,10.3,54,,0,320,1.8,,1017.1,,1
2021-08-15,07,23.0,10.4,45,,,320,9.4,,1016.7,,1
2021-08-15,08,25.6,10.6,39,,,340,11.2,,1016.1,,1
2021-08-15,09,29.6,10.2,30,,,340,5.4,,1015.0,,1
2021-08-15,10,32.4,9.9,25,,,220,5.4,,1014.1,,1
2021-08-15,11,35.3,9.7,21,,,220,7.6,,1012.8,,1
2021-08-15,12,37.8,8.6,17,,,220,18.4,,1011.8,,1
2021-08-15,13,39.4,8.0,15,,,230,20.5,,1010.9,,1
2021-08-15,14,40.8,5.8,12,,,220,33.5,,1010.0,,2
2021-08-15,15,41.5,3.8,10,,,230,35.3,,1009.4,,2
2021-08-15,16,41.4,2.2,9,,,230,35.3,,1009.1,,1
2021-08-15,17,40.3,-2.1,7,,,240,33.5,,1009.4,,1
2021-08-15,18,38.1,-1.9,8,,,250,24.1,,1010.2,,1
2021-08-15,19,38.0,-3.7,7,,,240,18.4,,1016.0,,1
2021-08-15,20,35.2,-5.8,7,,,250,18.4,,1011.3,,1
2021-08-15,21,32.3,-3.2,10,,,240,7.6,,1012.7,,1
2021-08-15,22,28.0,-4.1,12,,,250,3.6,,1014.1,,2
2021-08-15,23,26.0,-0.9,17,,,250,9.4,,1014.8,,2
2021-08-16,00,23.9,0.2,21,,,250,11.2,,1014.9,,1
2021-08-16,01,22.2,0.7,24,,,250,9.4,,1015.2,,1
2021-08-16,02,20.5,1.8,29,,,270,7.6,,1015.6,,1
2021-08-16,03,17.8,1.3,33,,,270,1.8,,1016.4,,1
2021-08-16,04,17.7,1.6,34,,,270,3.6,,1016.3,,1
2021-08-16,05,17.2,2.0,36,,,270,7.6,,1016.5,,1
2021-08-16,06,17.6,2.0,35,,0,330,7.6,,1017.0,,1
2021-08-16,07,20.8,3.0,31,,,340,13.0,,1016.5,,1
2021-08-16,08,24.8,8.7,36,,,340,9.4,,1015.5,,1
2021-08-16,09,29.2,9.8,30,,,50,14.8,,1014.6,,1
2021-08-16,10,31.5,7.2,22,,,50,16.6,,1014.2,,1
2021-08-16,11,33.0,4.7,17,,,50,18.4,,1013.6,,1
2021-08-16,12,34.2,4.8,16,,,70,14.8,,1012.8,,1
2021-08-16,13,35.3,2.7,13,,,360,7.6,,1012.2,,1
2021-08-16,14,36.1,3.3,13,,,180,7.6,,1011.8,,1
2021-08-16,15,37.1,3.0,12,,,30,11.2,,1011.0,,1
2021-08-16,16,37.0,2.9,12,,,20,7.6,,1010.6,,2
2021-08-16,17,36.4,3.6,13,,,340,9.4,,1010.6,,2
2021-08-16,18,35.7,3.0,13,,,10,7.6,,1010.6,,1
2021-08-16,19,31.9,6.2,20,,,360,22.3,,1012.2,,1
2021-08-16,20,29.1,4.6,21,,,360,27.7,,1014.0,,1
2021-08-16,21,27.2,3.6,22,,,10,13.0,,1015.8,,1
2021-08-16,22,24.9,8.4,35,,,30,14.8,,1016.8,,1
2021-08-16,23,22.8,7.7,38,,,40,13.0,,1017.9,,1
